download_id,title,firm,firm_attribution_evidence,year,source_page_url,requested_url,final_url,accessed_at_utc,local_path,file_format,mime_type,size_bytes,sha256,page_or_slide_count,validation_status,rights_status,license_name,license_url,rights_evidence,permitted_use_notes
dl_987da9a10c05c794,Bain example 1: 2023 Global Private Equity Report (2023),Bain,collection listing/title,,https://www.bain.com/globalassets/about/2023-global-pe-report---roadshow-deck.pdf,https://www.bain.com/globalassets/about/2023-global-pe-report---roadshow-deck.pdf,https://www.bain.com/globalassets/about/2023-global-pe-report---roadshow-deck.pdf,2026-10-02T19:09:21+00:00,files/bain/bain_example_1_2023_global_private_equity_report_2023_987da9a10c.pdf,PDF,application/pdf,3420535,987da9a10c05c79437422e45389ffa0f43366aabd64f99d0deb837ca0e80585d,17,validated,unknown,,,,Public access recorded; no redistribution or model-training permission inferred
dl_82416a0d09db1731,Bain example 3: Syracuse University Diagnostic report (2014),Bain,collection listing/title,,https://news.syr.edu/wp-content/uploads/2017/04/Innovation-and-Opportunities-Assessment-Report-April-2014.pdf,https://news.syr.edu/wp-content/uploads/2017/04/Innovation-and-Opportunities-Assessment-Report-April-2014.pdf,https://news.syr.edu/wp-content/uploads/2017/04/Innovation-and-Opportunities-Assessment-Report-April-2014.pdf,2026-10-02T19:09:29+00:00,files/bain/bain_example_3_syracuse_university_diagnostic_report_2014_82416a0d09.pdf,PDF,application/pdf,1823161,82416a0d09db1731b29391ee5a2f5c2d4417d085b2f7f74cb0fc0665b896e20f,38,validated,unknown,,,,Public access recorded; no redistribution or model-training permission inferred
dl_1d68a9487a05be4e,Deloitte - Scottish Fiscal Commission: Final report to the Audit & Risk Committee and the Auditor General for Scotland on the on the 2022/23 audit (2023),Deloitte,collection listing/title,,https://fiscalcommission.scot/wp-content/uploads/2023/10/Deloitte-LLP-Audit-Report-2022-23.pdf,https://fiscalcommission.scot/wp-content/uploads/2023/10/Deloitte-LLP-Audit-Report-2022-23.pdf,https://fiscalcommission.scot/wp-content/uploads/2023/10/Deloitte-LLP-Audit-Report-2022-23.pdf,2026-10-02T19:09:42+00:00,files/deloitte/deloitte_scottish_fiscal_commission_final_report_to_the_audit_risk_committee_and_the_auditor_general_1d68a9487a.pdf,PDF,application/pdf,1011933,1d68a9487a05be4e4257508407202fc0dc70ff080902668369edfdf772db0f49,43,validated,unknown,,,,Public access recorded; no redistribution or model-training permission inferred
dl_929dcbeb4622eeaf,Deloitte - Digital Transformation (2018),Deloitte,collection listing/title,,https://static.carahsoft.com/concrete/files/1415/4152/8827/New_Jersey_Innovation_Day_Deloitte_Presentation.pdf,https://static.carahsoft.com/concrete/files/1415/4152/8827/New_Jersey_Innovation_Day_Deloitte_Presentation.pdf,https://static.carahsoft.com/concrete/files/1415/4152/8827/New_Jersey_Innovation_Day_Deloitte_Presentation.pdf,2026-10-02T19:10:25+00:00,files/deloitte/deloitte_digital_transformation_2018_929dcbeb46.pdf,PDF,application/pdf,5815026,929dcbeb4622eeaf09ec9319ea63193c278c16178cc95becdd48be0ab8a336b2,43,validated,unknown,,,,Public access recorded; no redistribution or model-training permission inferred
dl_25ffb9cd8ec417e6,KPMG - 2024 U.S. CEO Outlook Pulse Survey (2024),KPMG,collection listing/title,,https://kpmg.com/kpmg-us/content/dam/kpmg/pdf/2024/kpmg-2024-us-ceo-outlook-pulse-survey.pdf,https://kpmg.com/kpmg-us/content/dam/kpmg/pdf/2024/kpmg-2024-us-ceo-outlook-pulse-survey.pdf,https://kpmg.com/kpmg-us/content/dam/kpmg/pdf/2024/kpmg-2024-us-ceo-outlook-pulse-survey.pdf,2026-10-02T19:11:15+00:00,files/kpmg/kpmg_2024_u_s_ceo_outlook_pulse_survey_2024_25ffb9cd8e.pdf,PDF,application/pdf,3705297,25ffb9cd8ec417e6f21e5be16e6dc42bf2c6a11a8f22628118a908ecea195e24,11,validated,unknown,,,,Public access recorded; no redistribution or model-training permission inferred
dl_7264cc42abfa430f,KPMG - GenAI Survey – 2024 Key insights (2024),KPMG,collection listing/title,,https://kpmg.com/kpmg-us/content/dam/kpmg/pdf/2024/kpmg-genai-survey-august-2024.pdf,https://kpmg.com/kpmg-us/content/dam/kpmg/pdf/2024/kpmg-genai-survey-august-2024.pdf,https://kpmg.com/kpmg-us/content/dam/kpmg/pdf/2024/kpmg-genai-survey-august-2024.pdf,2026-10-02T19:11:18+00:00,files/kpmg/kpmg_genai_survey_2024_key_insights_2024_7264cc42ab.pdf,PDF,application/pdf,587876,7264cc42abfa430f65b9892bb4ad16733a543284613be94ea985cacc68e64ba8,12,validated,unknown,,,,Public access recorded; no redistribution or model-training permission inferred
dl_66ef713f99858b72,KPMG - KPMG 2021 CEO Outlook (2021),KPMG,collection listing/title,,https://assets.kpmg.com/content/dam/kpmg/xx/pdf/2021/09/kpmg-2021-ceo-outlook.pdf,https://assets.kpmg.com/content/dam/kpmg/xx/pdf/2021/09/kpmg-2021-ceo-outlook.pdf,https://assets.kpmg.com/content/dam/kpmg/xx/pdf/2021/09/kpmg-2021-ceo-outlook.pdf,2026-10-02T19:11:54+00:00,files/kpmg/kpmg_kpmg_2021_ceo_outlook_2021_66ef713f99.pdf,PDF,application/pdf,654568,66ef713f99858b72453e0a14020cfd12547f8664166bb2c51820b43516b6e097,23,validated,unknown,,,,Public access recorded; no redistribution or model-training permission inferred
dl_3fce7378cb264fe1,EY - Risk management in a time of transformation (2024),EY,collection listing/title,,https://www.ey.com/content/dam/ey-unified-site/ey-com/en-gl/insights/insurance/documents/ey-inaugural-ey-iif-global-insurance-risk-management-survey-march23.pdf,https://www.ey.com/content/dam/ey-unified-site/ey-com/en-gl/insights/insurance/documents/ey-inaugural-ey-iif-global-insurance-risk-management-survey-march23.pdf,https://www.ey.com/content/dam/ey-unified-site/ey-com/en-gl/insights/insurance/documents/ey-inaugural-ey-iif-global-insurance-risk-management-survey-march23.pdf,2026-10-02T19:12:05+00:00,files/ey/ey_risk_management_in_a_time_of_transformation_2024_3fce7378cb.pdf,PDF,application/pdf,3020177,3fce7378cb264fe18428e65ac1f9f0b187f164a0acaf317cc159d7b90c519b67,42,validated,unknown,,,,Public access recorded; no redistribution or model-training permission inferred
dl_de9253357ae50ff2,EY - Generative AI in wealth and asset management (2024),EY,collection listing/title,,https://www.ey.com/content/dam/ey-unified-site/ey-com/en-gl/industries/wealth-asset-management/documents/ey-gl-genai-wam-survey-highlights-03-2024.pdf?download,https://www.ey.com/content/dam/ey-unified-site/ey-com/en-gl/industries/wealth-asset-management/documents/ey-gl-genai-wam-survey-highlights-03-2024.pdf?download,https://www.ey.com/content/dam/ey-unified-site/ey-com/en-gl/industries/wealth-asset-management/documents/ey-gl-genai-wam-survey-highlights-03-2024.pdf?download,2026-10-02T19:12:08+00:00,files/ey/ey_generative_ai_in_wealth_and_asset_management_2024_de9253357a.pdf,PDF,application/pdf,1722880,de9253357ae50ff231c861d41efb577aba0b0c09b88b5a2a8bbdcd0299ac0d40,26,validated,unknown,,,,Public access recorded; no redistribution or model-training permission inferred
dl_34830d1457272f2d,EY - Generative AI in retail and commercial banking (2023),EY,collection listing/title,,https://www.ey.com/content/dam/ey-unified-site/ey-com/en-gl/insights/banking-capital-markets/documents/ey-generative-ai-in-retail-and-commercial-banking.pdf,https://www.ey.com/content/dam/ey-unified-site/ey-com/en-gl/insights/banking-capital-markets/documents/ey-generative-ai-in-retail-and-commercial-banking.pdf,https://www.ey.com/content/dam/ey-unified-site/ey-com/en-gl/insights/banking-capital-markets/documents/ey-generative-ai-in-retail-and-commercial-banking.pdf,2026-10-02T19:12:11+00:00,files/ey/ey_generative_ai_in_retail_and_commercial_banking_2023_34830d1457.pdf,PDF,application/pdf,1533011,34830d1457272f2d5e861b8bd0591838137b8ffe1e7635e54299f01b93900008,26,validated,unknown,,,,Public access recorded; no redistribution or model-training permission inferred
dl_f99cc2af1964ab7f,EY - Can resilience shape a shifting landscape?: 2022 Global Alternative Fund Survey (2022),EY,collection listing/title,,https://www.ey.com/content/dam/ey-unified-site/ey-com/en-gl/insights/wealth-asset-management/documents/ey-2022-global-alternative-fund-survey.pdf,https://www.ey.com/content/dam/ey-unified-site/ey-com/en-gl/insights/wealth-asset-management/documents/ey-2022-global-alternative-fund-survey.pdf,https://www.ey.com/content/dam/ey-unified-site/ey-com/en-gl/insights/wealth-asset-management/documents/ey-2022-global-alternative-fund-survey.pdf,2026-10-02T19:12:16+00:00,files/ey/ey_can_resilience_shape_a_shifting_landscape_2022_global_alternative_fund_survey_2022_f99cc2af19.pdf,PDF,application/pdf,12456927,f99cc2af1964ab7f1a0795ead7c3c92a3e38fb4ad728362d5cb1a328d1763684,53,validated,unknown,,,,Public access recorded; no redistribution or model-training permission inferred
dl_8f2d69da19b704e5,EY - EY Academic Resource Center – mission (2019),EY,collection listing/title,,https://aaahq.org/portals/0/documents/segments/ias/2019/2019%20ias%20aaa%20eyarc%20analytics%20mindset.pdf?ver=2019-09-27-152844-587,https://aaahq.org/portals/0/documents/segments/ias/2019/2019%20ias%20aaa%20eyarc%20analytics%20mindset.pdf?ver=2019-09-27-152844-587,https://aaahq.org/portals/0/documents/segments/ias/2019/2019%20ias%20aaa%20eyarc%20analytics%20mindset.pdf?ver=2019-09-27-152844-587,2026-10-02T19:12:30+00:00,files/ey/ey_ey_academic_resource_center_mission_2019_8f2d69da19.pdf,PDF,application/pdf,4538573,8f2d69da19b704e51a99041a92e304c1e8e829dc49365d42634a576c8ab738e4,70,validated,unknown,,,,Public access recorded; no redistribution or model-training permission inferred
dl_1f9888da952fe1b9,EY - EY IFRS 9 Impairment Banking Survey (2018),EY,collection listing/title,,https://eyfs.ie/wp-content/uploads/2018/08/EY-IFRS-9-impairment-banking-survey-2018-FINAL.pdf,https://eyfs.ie/wp-content/uploads/2018/08/EY-IFRS-9-impairment-banking-survey-2018-FINAL.pdf,https://eyfs.ie/wp-content/uploads/2018/08/EY-IFRS-9-impairment-banking-survey-2018-FINAL.pdf,2026-10-02T19:12:42+00:00,files/ey/ey_ey_ifrs_9_impairment_banking_survey_2018_1f9888da95.pdf,PDF,application/pdf,990745,1f9888da952fe1b920cb7120e00ee878f731314b3cf8b0db41a7cd17c4e66133,35,validated,unknown,,,,Public access recorded; no redistribution or model-training permission inferred
dl_06998eb3469f551e,EY - European Banking Barometer – 2015 (2015),EY,collection listing/title,,https://eyfs.ie/wp-content/uploads/2015/03/European-Banking-Barometer-2015.pdf,https://eyfs.ie/wp-content/uploads/2015/03/European-Banking-Barometer-2015.pdf,https://eyfs.ie/wp-content/uploads/2015/03/European-Banking-Barometer-2015.pdf,2026-10-02T19:12:44+00:00,files/ey/ey_european_banking_barometer_2015_2015_06998eb346.pdf,PDF,application/pdf,577925,06998eb3469f551ee552f135a59b94623cdcab9f3dda6d74c4791d5cf3a083b6,48,validated,unknown,,,,Public access recorded; no redistribution or model-training permission inferred
dl_6994ba2477647506,"PwC - Insurance reimagined: Spotlight on trust, convergence and transformation (2025)",PwC,collection listing/title,,https://www.pwc.com/gx/en/financial-services/fs-2025/pwc-insurance2025.pdf,https://www.pwc.com/gx/en/financial-services/fs-2025/pwc-insurance2025.pdf,https://www.pwc.com/gx/en/financial-services/fs-2025/pwc-insurance2025.pdf,2026-10-02T19:12:52+00:00,files/pwc/pwc_insurance_reimagined_spotlight_on_trust_convergence_and_transformation_2025_6994ba2477.pdf,PDF,application/pdf,3920271,6994ba2477647506353d51426fc9d70273703092b8824910b2b0832ff18ac8ad,25,validated,unknown,,,,Public access recorded; no redistribution or model-training permission inferred
dl_5f0b48f074e6605d,PwC - 2024 TransAct Middle East (2024),PwC,collection listing/title,,https://www.pwc.com/m1/en/publications/images-new/transact/TransAct-2024.pdf,https://www.pwc.com/m1/en/publications/images-new/transact/TransAct-2024.pdf,https://www.pwc.com/m1/en/publications/images-new/transact/TransAct-2024.pdf,2026-10-02T19:12:53+00:00,files/pwc/pwc_2024_transact_middle_east_2024_5f0b48f074.pdf,PDF,application/pdf,4126846,5f0b48f074e6605d8ad281301909f10bbf51986fd4b4a3ae18fd0de0d440e47e,33,validated,unknown,,,,Public access recorded; no redistribution or model-training permission inferred
dl_92553531ef789830,PwC - Namibia National Budget 2024/25 For Our Humanity: Now's the time to work together (2024),PwC,collection listing/title,,https://www.pwc.com/na/en/assets/pdf/2024-budget-review-presentation.pdf,https://www.pwc.com/na/en/assets/pdf/2024-budget-review-presentation.pdf,https://www.pwc.com/na/en/assets/pdf/2024-budget-review-presentation.pdf,2026-10-02T19:12:56+00:00,files/pwc/pwc_namibia_national_budget_2024_25_for_our_humanity_now_s_the_time_to_work_together_2024_92553531ef.pdf,PDF,application/pdf,1325971,92553531ef7898305ec540634b47cec872d5a058013800ff6e7a34d31a8b5de7,25,validated,unknown,,,,Public access recorded; no redistribution or model-training permission inferred
dl_7ba21f70bcfe4662,PwC - Dissecting the 2023/24 Annual Budget Speech (2023),PwC,collection listing/title,,https://www.pwc.com/na/en/assets/pdf/2023-budget-review-presentation.pdf,https://www.pwc.com/na/en/assets/pdf/2023-budget-review-presentation.pdf,https://www.pwc.com/na/en/assets/pdf/2023-budget-review-presentation.pdf,2026-10-02T19:13:01+00:00,files/pwc/pwc_dissecting_the_2023_24_annual_budget_speech_2023_7ba21f70bc.pdf,PDF,application/pdf,1859896,7ba21f70bcfe46620963c41f22f4d97a744d8e3471685600acb34e95bed90db4,18,validated,unknown,,,,Public access recorded; no redistribution or model-training permission inferred
dl_a7d73c5dc9010fb1,PwC - Global Top 100 companies - by market capitalisation (2023),PwC,collection listing/title,,https://www.pwc.com/gx/en/audit-services/publications/top100/pwc-global-top-100-companies-2023.pdf,https://www.pwc.com/gx/en/audit-services/publications/top100/pwc-global-top-100-companies-2023.pdf,https://www.pwc.com/gx/en/audit-services/publications/top100/pwc-global-top-100-companies-2023.pdf,2026-10-02T19:13:04+00:00,files/pwc/pwc_global_top_100_companies_by_market_capitalisation_2023_a7d73c5dc9.pdf,PDF,application/pdf,1694401,a7d73c5dc9010fb17c4941f873a3885cd33ca54f484973c4265aabe929a4bf13,22,validated,unknown,,,,Public access recorded; no redistribution or model-training permission inferred
dl_873e5a6f12c5c786,PwC - Global Consumer Insights Survey 2023: Middle East findings (2023),PwC,collection listing/title,,https://www.pwc.com/m1/en/publications/images-new/gcis-pulse-5-2023/global-consumer-insights-survey-2023-pulse-5-middle-east-findings.pdf,https://www.pwc.com/m1/en/publications/images-new/gcis-pulse-5-2023/global-consumer-insights-survey-2023-pulse-5-middle-east-findings.pdf,https://www.pwc.com/m1/en/publications/images-new/gcis-pulse-5-2023/global-consumer-insights-survey-2023-pulse-5-middle-east-findings.pdf,2026-10-02T19:13:08+00:00,files/pwc/pwc_global_consumer_insights_survey_2023_middle_east_findings_2023_873e5a6f12.pdf,PDF,application/pdf,942916,873e5a6f12c5c786301eca64038706ebedd55bfb6905e41bc3bb0bd34ac6589c,22,validated,unknown,,,,Public access recorded; no redistribution or model-training permission inferred
dl_6fcac9472b1150a1,PwC - Boardroom Agenda (2022),PwC,collection listing/title,,https://www.pwc.com/im/en/events/PwC-Boardroom-Agenda-event-2022-slides.pdf,https://www.pwc.com/im/en/events/PwC-Boardroom-Agenda-event-2022-slides.pdf,https://www.pwc.com/im/en/events/PwC-Boardroom-Agenda-event-2022-slides.pdf,2026-10-02T19:13:11+00:00,files/pwc/pwc_boardroom_agenda_2022_6fcac9472b.pdf,PDF,application/pdf,5345876,6fcac9472b1150a18bde267e01bf3639a9bb4575ddfed2e7dd7ddae80b3b5f2d,60,validated,unknown,,,,Public access recorded; no redistribution or model-training permission inferred
dl_3eae42ee5c32cf6c,PwC - Global Workforce Hopes and Fears Survey 2022 (2022),PwC,collection listing/title,,https://www.pwc.com/gx/en/hopes-and-fears/downloads/global-workforce-hopes-and-fears-survey-2022-v2.pdf,https://www.pwc.com/gx/en/hopes-and-fears/downloads/global-workforce-hopes-and-fears-survey-2022-v2.pdf,https://www.pwc.com/gx/en/hopes-and-fears/downloads/global-workforce-hopes-and-fears-survey-2022-v2.pdf,2026-10-02T19:13:13+00:00,files/pwc/pwc_global_workforce_hopes_and_fears_survey_2022_2022_3eae42ee5c.pdf,PDF,application/pdf,3573463,3eae42ee5c32cf6cc17e17b425172b54dc34f67d4885c3f83d6739dc00531616,26,validated,unknown,,,,Public access recorded; no redistribution or model-training permission inferred
dl_36337523a9b95358,PwC - Five global shifts reshaping the world we live in (2022),PwC,collection listing/title,,https://www.pwc.com/gx/en/issues/assets/pdf/pwc-megatrends-october-2022.pdf,https://www.pwc.com/gx/en/issues/assets/pdf/pwc-megatrends-october-2022.pdf,https://www.pwc.com/gx/en/issues/assets/pdf/pwc-megatrends-october-2022.pdf,2026-10-02T19:13:15+00:00,files/pwc/pwc_five_global_shifts_reshaping_the_world_we_live_in_2022_36337523a9.pdf,PDF,application/pdf,2074077,36337523a9b95358a30a2b0ce125dfc7c434b9115ddfcd702d89d5e77ea36606,24,validated,unknown,,,,Public access recorded; no redistribution or model-training permission inferred
dl_660aa3981af0898b,PwC - Merging with a SPAC & preparing for life as a public company (2021),PwC,collection listing/title,,https://www.mayerbrown.com/-/media/files/perspectives-events/events/2021/05/merging-w-a-spac-and-preparing-for-life-as-a-public-company-mb-pwc-2021.pdf,https://www.mayerbrown.com/-/media/files/perspectives-events/events/2021/05/merging-w-a-spac-and-preparing-for-life-as-a-public-company-mb-pwc-2021.pdf,https://www.mayerbrown.com/-/media/files/perspectives-events/events/2021/05/merging-w-a-spac-and-preparing-for-life-as-a-public-company-mb-pwc-2021.pdf,2026-10-02T19:13:20+00:00,files/pwc/pwc_merging_with_a_spac_preparing_for_life_as_a_public_company_2021_660aa3981a.pdf,PDF,application/pdf,2260157,660aa3981af0898bd3789675fcc6af6ee1e3b0dcc0f8bcdcd7c07243c69481e0,59,validated,unknown,,,,Public access recorded; no redistribution or model-training permission inferred
dl_d2d1535d9097ca66,PwC - e-mobility in India: Market paradigms and ways to play (2021),PwC,collection listing/title,,https://www.acma.in/uploads/docmanager/PwC_PoV_E%20Mobility%20in%20India%20_May_21.pdf,https://www.acma.in/uploads/docmanager/PwC_PoV_E%20Mobility%20in%20India%20_May_21.pdf,https://www.acma.in/uploads/docmanager/PwC_PoV_E%20Mobility%20in%20India%20_May_21.pdf,2026-10-02T19:13:23+00:00,files/pwc/pwc_e_mobility_in_india_market_paradigms_and_ways_to_play_2021_d2d1535d90.pdf,PDF,application/pdf,2289517,d2d1535d9097ca6675e7be610d31e7599b2299806769c776a02ed890ebb6bb0b,35,validated,unknown,,,,Public access recorded; no redistribution or model-training permission inferred
dl_976729b3b06965f8,PwC - Dissecting the 2021/22 Annual Budget Speech (2021),PwC,collection listing/title,,https://www.pwc.com/na/en/assets/pdf/2021-budget-review-presentation.pdf,https://www.pwc.com/na/en/assets/pdf/2021-budget-review-presentation.pdf,https://www.pwc.com/na/en/assets/pdf/2021-budget-review-presentation.pdf,2026-10-02T19:13:24+00:00,files/pwc/pwc_dissecting_the_2021_22_annual_budget_speech_2021_976729b3b0.pdf,PDF,application/pdf,1002530,976729b3b06965f892c1b54e993e20282b8473f4aa367a552f803298a708f461,21,validated,unknown,,,,Public access recorded; no redistribution or model-training permission inferred
dl_0c62266ab999bfef,PwC - PwC’s March 2021 Global Consumer Insights Pulse Survey (2021),PwC,collection listing/title,,https://www.pwc.com/gx/en/consumer-markets/consumer-insights-survey/2021/gcis-2021.pdf,https://www.pwc.com/gx/en/consumer-markets/consumer-insights-survey/2021/gcis-2021.pdf,https://www.pwc.com/gx/en/consumer-markets/consumer-insights-survey/2021/gcis-2021.pdf,2026-10-02T19:13:26+00:00,files/pwc/pwc_pwc_s_march_2021_global_consumer_insights_pulse_survey_2021_0c62266ab9.pdf,PDF,application/pdf,1330793,0c62266ab999bfef75d3e3abe30f6c0d608eba01af007172600ffb9ced861883,23,validated,unknown,,,,Public access recorded; no redistribution or model-training permission inferred
dl_662cf4a8e4fa2f16,PwC - Indonesia’s Sustainable Transformation (2021),PwC,collection listing/title,,https://www.pwc.com/id/en/publications/esg/indonesia-sustainable-transformation.pdf,https://www.pwc.com/id/en/publications/esg/indonesia-sustainable-transformation.pdf,https://www.pwc.com/id/en/publications/esg/indonesia-sustainable-transformation.pdf,2026-10-02T19:13:29+00:00,files/pwc/pwc_indonesia_s_sustainable_transformation_2021_662cf4a8e4.pdf,PDF,application/pdf,2883677,662cf4a8e4fa2f16ea89b7883f02946cf67da5d87236aa6b95242321ac60740a,31,validated,unknown,,,,Public access recorded; no redistribution or model-training permission inferred
dl_6d0261861ac298e5,PwC - Internet Advertising Revenue Report (2021),PwC,collection listing/title,,https://www.iab.com/wp-content/uploads/2021/04/IAB_2020-Internet-Advertising-Revenue-Report-Webinar_4.7.21-PwC-1.pdf,https://www.iab.com/wp-content/uploads/2021/04/IAB_2020-Internet-Advertising-Revenue-Report-Webinar_4.7.21-PwC-1.pdf,https://www.iab.com/wp-content/uploads/2021/04/IAB_2020-Internet-Advertising-Revenue-Report-Webinar_4.7.21-PwC-1.pdf,2026-10-02T19:13:36+00:00,files/pwc/pwc_internet_advertising_revenue_report_2021_6d0261861a.pdf,PDF,application/pdf,1258922,6d0261861ac298e5287de474319bc78b4331574f7cceea7f261574eb5572f9c5,26,validated,unknown,,,,Public access recorded; no redistribution or model-training permission inferred
dl_7eb8fd90cd43aed8,PwC - 23rd Annual Global CEO Survey: Navigating the rising tide of uncertainty (2020),PwC,collection listing/title,,https://www.pwc.com/ee/et/publications/pub/pwc-23rd-global-ceo-survey.pdf,https://www.pwc.com/ee/et/publications/pub/pwc-23rd-global-ceo-survey.pdf,https://www.pwc.com/ee/et/publications/pub/pwc-23rd-global-ceo-survey.pdf,2026-10-02T19:13:42+00:00,files/pwc/pwc_23rd_annual_global_ceo_survey_navigating_the_rising_tide_of_uncertainty_2020_7eb8fd90cd.pdf,PDF,application/pdf,26063656,7eb8fd90cd43aed80e204887a72b668bd612a0ef40fec081e0e8c9612a106d7d,49,validated,unknown,,,,Public access recorded; no redistribution or model-training permission inferred
dl_b1634f6113658850,PwC - CEO Panel Survey: How business can emerge stronger (2020),PwC,collection listing/title,,https://www.pwc.com/gx/en/ceo-agenda/ceo-panel-survey-emerge-stronger.pdf,https://www.pwc.com/gx/en/ceo-agenda/ceo-panel-survey-emerge-stronger.pdf,https://www.pwc.com/gx/en/ceo-agenda/ceo-panel-survey-emerge-stronger.pdf,2026-10-02T19:13:44+00:00,files/pwc/pwc_ceo_panel_survey_how_business_can_emerge_stronger_2020_b1634f6113.pdf,PDF,application/pdf,7931783,b1634f6113658850f4495d0af15b4942b89502a9f3d026de26d02e70e7fcf989,15,validated,unknown,,,,Public access recorded; no redistribution or model-training permission inferred
dl_19a94ec26af62066,PwC - Copernicus: Market report (2019),PwC,collection listing/title,,https://www.copernicus.eu/sites/default/files/2019-02/PwC_Copernicus_Market_Report_2019_PDF_version.pdf,https://www.copernicus.eu/sites/default/files/2019-02/PwC_Copernicus_Market_Report_2019_PDF_version.pdf,https://www.copernicus.eu/sites/default/files/2019-02/PwC_Copernicus_Market_Report_2019_PDF_version.pdf,2026-10-02T19:13:50+00:00,files/pwc/pwc_copernicus_market_report_2019_19a94ec26a.pdf,PDF,application/pdf,10909602,19a94ec26af6206641bfd390ee11a8208f258ae98b7490fbe0cf4eca402142c5,164,validated,unknown,,,,Public access recorded; no redistribution or model-training permission inferred
dl_4c06dc4362d923d4,PwC - Crossing the lines: How fintech is propelling FS and TMT firms out of their lanes (2019),PwC,collection listing/title,,https://www.pwc.com/gx/en/industries/financial-services/assets/pwc-global-fintech-report-2019.pdf,https://www.pwc.com/gx/en/industries/financial-services/assets/pwc-global-fintech-report-2019.pdf,https://www.pwc.com/gx/en/industries/financial-services/assets/pwc-global-fintech-report-2019.pdf,2026-10-02T19:13:51+00:00,files/pwc/pwc_crossing_the_lines_how_fintech_is_propelling_fs_and_tmt_firms_out_of_their_lanes_2019_4c06dc4362.pdf,PDF,application/pdf,3721784,4c06dc4362d923d4e90073bde2ad3b4e35bbf4310aac8d865f9672554d76cb98,29,validated,unknown,,,,Public access recorded; no redistribution or model-training permission inferred
dl_c48e4c1add4a55d0,"PwC - Crisis Preparedness as the next competitive advantage: Learning from 4,500 crises - PwC’s Global Crisis Survey 2019 (2019)",PwC,collection listing/title,,https://www.pwc.com/ee/et/publications/pub/pwc-global-crisis-survey-2019.pdf,https://www.pwc.com/ee/et/publications/pub/pwc-global-crisis-survey-2019.pdf,https://www.pwc.com/ee/et/publications/pub/pwc-global-crisis-survey-2019.pdf,2026-10-02T19:13:53+00:00,files/pwc/pwc_crisis_preparedness_as_the_next_competitive_advantage_learning_from_4_500_crises_pwc_s_global_cr_c48e4c1add.pdf,PDF,application/pdf,3321244,c48e4c1add4a55d0fd6895035421f8ee515c9566ec0bc2be0856d962071a0539,22,validated,unknown,,,,Public access recorded; no redistribution or model-training permission inferred
dl_8f87797bc9a564c0,PwC - Namibia: Budget on a plate 2019/2020 (2019),PwC,collection listing/title,,https://www.pwc.com/na/en/assets/pdf/2019-budget-review-dinner-presentation.pdf,https://www.pwc.com/na/en/assets/pdf/2019-budget-review-dinner-presentation.pdf,https://www.pwc.com/na/en/assets/pdf/2019-budget-review-dinner-presentation.pdf,2026-10-02T19:13:56+00:00,files/pwc/pwc_namibia_budget_on_a_plate_2019_2020_2019_8f87797bc9.pdf,PDF,application/pdf,5040549,8f87797bc9a564c0ac09b4ec84fdaabb7bfe5e324b5709daac2bb8303d016c27,41,validated,unknown,,,,Public access recorded; no redistribution or model-training permission inferred
dl_8ff8882923596761,PwC - 2019 State of the Internal Audit Profession Study (2019),PwC,collection listing/title,,https://www.pwc.com/co/es/advisory/auditoria-interna/state-of-the-internal-audit-profession-study-colombia.pdf,https://www.pwc.com/co/es/advisory/auditoria-interna/state-of-the-internal-audit-profession-study-colombia.pdf,https://www.pwc.com/co/es/advisory/auditoria-interna/state-of-the-internal-audit-profession-study-colombia.pdf,2026-10-02T19:14:00+00:00,files/pwc/pwc_2019_state_of_the_internal_audit_profession_study_2019_8ff8882923.pdf,PDF,application/pdf,2397068,8ff88829235967618e948a110a3e4bacaa406f1eac028cf9ff9c939a03f61443,22,validated,unknown,,,,Public access recorded; no redistribution or model-training permission inferred
dl_a6c4f2b313548178,PwC - From promise to reality: Does business really care about the SDGs? (2018),PwC,collection listing/title,,https://www.pwc.com/gx/en/sustainability/SDG/sdg-reporting-2018.pdf,https://www.pwc.com/gx/en/sustainability/SDG/sdg-reporting-2018.pdf,https://www.pwc.com/gx/en/sustainability/SDG/sdg-reporting-2018.pdf,2026-10-02T19:14:04+00:00,files/pwc/pwc_from_promise_to_reality_does_business_really_care_about_the_sdgs_2018_a6c4f2b313.pdf,PDF,application/pdf,6902103,a6c4f2b313548178a9010e0ee8e752aac804e9a4a08b15aebd873e887df2ed89,40,validated,unknown,,,,Public access recorded; no redistribution or model-training permission inferred
dl_25e43ccd1b740a54,PwC - PwC Annual Report (2018),PwC,collection listing/title,,https://www.pwc.nl/nl/assets/documents/pwc-annual-report-2017-2018.pdf,https://www.pwc.nl/nl/assets/documents/pwc-annual-report-2017-2018.pdf,https://www.pwc.nl/nl/assets/documents/pwc-annual-report-2017-2018.pdf,2026-10-02T19:14:09+00:00,files/pwc/pwc_pwc_annual_report_2018_25e43ccd1b.pdf,PDF,application/pdf,6784153,25e43ccd1b740a5497ca250dbd73f1f8154050e7944c7dc36fd8b39997af34bd,136,validated,unknown,,,,Public access recorded; no redistribution or model-training permission inferred
dl_debf8e3abf41f679,PwC - PwC Global Family Business Survey 2018 (2018),PwC,collection listing/title,,https://www.pwc.com/gx/en/family-business-services/assets/pwc-global-family-business-survey-2018.pdf,https://www.pwc.com/gx/en/family-business-services/assets/pwc-global-family-business-survey-2018.pdf,https://www.pwc.com/gx/en/family-business-services/assets/pwc-global-family-business-survey-2018.pdf,2026-10-02T19:14:10+00:00,files/pwc/pwc_pwc_global_family_business_survey_2018_2018_debf8e3abf.pdf,PDF,application/pdf,4745926,debf8e3abf41f679255b1ae1ee013ac9a9ccd47355dd21345d230563d78141f8,56,validated,unknown,,,,Public access recorded; no redistribution or model-training permission inferred
dl_7bec927f37e7a4a9,PwC - 21st CEO Survey: The Anxious Optimist in the Corner Office (2018),PwC,collection listing/title,,https://www.pwc.com/gx/en/ceo-survey/2018/pwc-ceo-survey-report-2018.pdf,https://www.pwc.com/gx/en/ceo-survey/2018/pwc-ceo-survey-report-2018.pdf,https://www.pwc.com/gx/en/ceo-survey/2018/pwc-ceo-survey-report-2018.pdf,2026-10-02T19:14:12+00:00,files/pwc/pwc_21st_ceo_survey_the_anxious_optimist_in_the_corner_office_2018_7bec927f37.pdf,PDF,application/pdf,1130206,7bec927f37e7a4a9fda8d91b803fc8aab58968401c16a77bec1ebec5db90039b,32,validated,unknown,,,,Public access recorded; no redistribution or model-training permission inferred
dl_ab06100eed1066ee,PwC - IAB Podcast Ad Revenue Study: An Analysis of the Largest Players in the Podcasting Industry (2017),PwC,collection listing/title,,https://www.iab.com/wp-content/uploads/2017/06/PwC_IAB-Podcast-Advertising-Study_FY2016_Final.pdf,https://www.iab.com/wp-content/uploads/2017/06/PwC_IAB-Podcast-Advertising-Study_FY2016_Final.pdf,https://www.iab.com/wp-content/uploads/2017/06/PwC_IAB-Podcast-Advertising-Study_FY2016_Final.pdf,2026-10-02T19:14:14+00:00,files/pwc/pwc_iab_podcast_ad_revenue_study_an_analysis_of_the_largest_players_in_the_podcasting_industry_2017_ab06100eed.pdf,PDF,application/pdf,617294,ab06100eed1066eef7bd2c59ff78a5f45f169f9111ffe58360f1c78b983af22e,14,validated,unknown,,,,Public access recorded; no redistribution or model-training permission inferred
dl_ed46704fc443c870,PwC - Blurred lines: How FinTech is shaping Financial Services (2016),PwC,collection listing/title,,https://www.pwc.com/gr/en/publications/blurred-lines-how-fintech-is-shaping-financial-services.pdf,https://www.pwc.com/gr/en/publications/blurred-lines-how-fintech-is-shaping-financial-services.pdf,https://www.pwc.com/gr/en/publications/blurred-lines-how-fintech-is-shaping-financial-services.pdf,2026-10-02T19:14:14+00:00,files/pwc/pwc_blurred_lines_how_fintech_is_shaping_financial_services_2016_ed46704fc4.pdf,PDF,application/pdf,1538034,ed46704fc443c8707175dae19f55a5687c0813a49f0aea4373b3338068ea5f9a,36,validated,unknown,,,,Public access recorded; no redistribution or model-training permission inferred
dl_7d4ef885bed45743,PwC - Customers in the spotlight: How FinTech is reshaping banking (2016),PwC,collection listing/title,,https://www.pwc.com/jg/en/publications/fin-tech-banking-2016.pdf,https://www.pwc.com/jg/en/publications/fin-tech-banking-2016.pdf,https://www.pwc.com/jg/en/publications/fin-tech-banking-2016.pdf,2026-10-02T19:14:16+00:00,files/pwc/pwc_customers_in_the_spotlight_how_fintech_is_reshaping_banking_2016_7d4ef885be.pdf,PDF,application/pdf,735961,7d4ef885bed457434569cd5bb74ce8eeabf31fcbabe4327561ba9ad9034cb644,12,validated,unknown,,,,Public access recorded; no redistribution or model-training permission inferred
dl_b7a017e5ed12b68b,Strategy& - Nigeria (Bi-monthly) Economic Outlook (2023),Strategy&,collection listing/title,,https://www.strategyand.pwc.com/a1/en/assets/pdf/ng-economic-outlook/nigeria-economic-outlook-october-2023-v1.pdf,https://www.strategyand.pwc.com/a1/en/assets/pdf/ng-economic-outlook/nigeria-economic-outlook-october-2023-v1.pdf,https://www.strategyand.pwc.com/a1/en/assets/pdf/ng-economic-outlook/nigeria-economic-outlook-october-2023-v1.pdf,2026-10-02T19:14:27+00:00,files/strategy/strategy_nigeria_bi_monthly_economic_outlook_2023_b7a017e5ed.pdf,PDF,application/pdf,1359007,b7a017e5ed12b68b5fd36af3554bc1c28d873f7df1d3a8075a77d01080622a4b,29,validated,unknown,,,,Public access recorded; no redistribution or model-training permission inferred
dl_9fc8242840f3a97a,Strategy& - Electric Vehicle Sales Review Q4 2022 (2023),Strategy&,collection listing/title,,https://www.strategyand.pwc.com/tr/tr/pdf/electric-vehicle-sales-review-q4-2022.pdf,https://www.strategyand.pwc.com/tr/tr/pdf/electric-vehicle-sales-review-q4-2022.pdf,https://www.strategyand.pwc.com/tr/tr/pdf/electric-vehicle-sales-review-q4-2022.pdf,2026-10-02T19:14:29+00:00,files/strategy/strategy_electric_vehicle_sales_review_q4_2022_2023_9fc8242840.pdf,PDF,application/pdf,1684570,9fc8242840f3a97af3c4bdcb9c97b4c682050852d9901976d55b3289164fdd53,26,validated,unknown,,,,Public access recorded; no redistribution or model-training permission inferred
dl_23afe5d6a23befea,Strategy& - eReadiness 2023 Survey Report (2023),Strategy&,collection listing/title,,https://www.strategyand.pwc.com/it/en/assets/pdf/ereadiness-study-2023.pdf,https://www.strategyand.pwc.com/it/en/assets/pdf/ereadiness-study-2023.pdf,https://www.strategyand.pwc.com/it/en/assets/pdf/ereadiness-study-2023.pdf,2026-10-02T19:14:32+00:00,files/strategy/strategy_ereadiness_2023_survey_report_2023_23afe5d6a2.pdf,PDF,application/pdf,7727964,23afe5d6a23befeadaea0e0cd6c8ab30e308388bd4d96cbab586db51f4678881,83,validated,unknown,,,,Public access recorded; no redistribution or model-training permission inferred
dl_5335cc9cb67fa906,Strategy& - Digital Auto Report 2023 (2023),Strategy&,collection listing/title,,https://www.strategyand.pwc.com/tr/tr/pdf/digital-auto-report-2023.pdf,https://www.strategyand.pwc.com/tr/tr/pdf/digital-auto-report-2023.pdf,https://www.strategyand.pwc.com/tr/tr/pdf/digital-auto-report-2023.pdf,2026-10-02T19:14:34+00:00,files/strategy/strategy_digital_auto_report_2023_2023_5335cc9cb6.pdf,PDF,application/pdf,3120466,5335cc9cb67fa9060c7f2960a5c60fec4934587308ad8ababd3e8fa0d2e352c9,40,validated,unknown,,,,Public access recorded; no redistribution or model-training permission inferred
dl_f2f1ad0e9315b521,Strategy& - 6 th ICO / STO Report: A Strategic Perspective (2020),Strategy&,collection listing/title,,https://www.pwc.ch/en/publications/2020/Strategy&_ICO_STO_Study_Version_Spring_2020.pdf,https://www.pwc.ch/en/publications/2020/Strategy&_ICO_STO_Study_Version_Spring_2020.pdf,https://www.pwc.ch/en/publications/2020/Strategy&_ICO_STO_Study_Version_Spring_2020.pdf,2026-10-02T19:14:37+00:00,files/strategy/strategy_6_th_ico_sto_report_a_strategic_perspective_2020_f2f1ad0e93.pdf,PDF,application/pdf,1343099,f2f1ad0e9315b5216f5860101feacadb119644506a282fa1d1a55e1c6eaa805e,12,validated,unknown,,,,Public access recorded; no redistribution or model-training permission inferred
dl_df04ac5e2c64cba8,Accenture - 2023 Post & Parcel industry trends (2023),Accenture,collection listing/title,,https://www.accenture.com/content/dam/accenture/final/accenture-com/document/Accenture-PostalResearch-2023-for-com.pdf,https://www.accenture.com/content/dam/accenture/final/accenture-com/document/Accenture-PostalResearch-2023-for-com.pdf,https://www.accenture.com/content/dam/accenture/final/accenture-com/document/Accenture-PostalResearch-2023-for-com.pdf,2026-10-02T19:14:41+00:00,files/accenture/accenture_2023_post_parcel_industry_trends_2023_df04ac5e2c.pdf,PDF,application/pdf,1712406,df04ac5e2c64cba81f9e7ad4b0af0e8b57ad9032812004e96657ef6d36673922,22,validated,unknown,,,,Public access recorded; no redistribution or model-training permission inferred
dl_3fdb178251427be1,Accenture - Accelerating global companies toward net zero by 2050 (2022),Accenture,collection listing/title,,https://www.accenture.com/content/dam/accenture/final/capabilities/strategy-and-consulting/strategy/document/Accenture-Net-Zero-By-2050-Global-Report-2022.pdf,https://www.accenture.com/content/dam/accenture/final/capabilities/strategy-and-consulting/strategy/document/Accenture-Net-Zero-By-2050-Global-Report-2022.pdf,https://www.accenture.com/content/dam/accenture/final/capabilities/strategy-and-consulting/strategy/document/Accenture-Net-Zero-By-2050-Global-Report-2022.pdf,2026-10-02T19:14:44+00:00,files/accenture/accenture_accelerating_global_companies_toward_net_zero_by_2050_2022_3fdb178251.pdf,PDF,application/pdf,1744138,3fdb178251427be18933bc5e0e6c7660433118ee84fd75dbaa626dc216f124e8,41,validated,unknown,,,,Public access recorded; no redistribution or model-training permission inferred
dl_331ef1c71d8ac8ea,Accenture - Accenture Investor & Analyst Conference (2022),Accenture,collection listing/title,,https://investor.accenture.com/~/media/Files/A/Accenture-IR-V3/events-and-presentations/accenture-investor-and-analyst-conference-cfo-slides.pdf,https://investor.accenture.com/~/media/Files/A/Accenture-IR-V3/events-and-presentations/accenture-investor-and-analyst-conference-cfo-slides.pdf,https://investor.accenture.com/~/media/Files/A/Accenture-IR-V3/events-and-presentations/accenture-investor-and-analyst-conference-cfo-slides.pdf,2026-10-02T19:14:49+00:00,files/accenture/accenture_accenture_investor_analyst_conference_2022_331ef1c71d.pdf,PDF,application/pdf,480271,331ef1c71d8ac8ea2a547c246b96e68a9746f608b09b2a027d440e9626bc3f6f,17,validated,unknown,,,,Public access recorded; no redistribution or model-training permission inferred
dl_94e74cd9448589bb,Accenture - 2021 P&C Underwriting Survey (2021),Accenture,collection listing/title,,https://riskandinsurance.com/wp-content/uploads/2021/12/TI-Accenture_PC_Underwriter_Survey-_vf.pdf,https://riskandinsurance.com/wp-content/uploads/2021/12/TI-Accenture_PC_Underwriter_Survey-_vf.pdf,https://riskandinsurance.com/wp-content/uploads/2021/12/TI-Accenture_PC_Underwriter_Survey-_vf.pdf,2026-10-02T19:14:58+00:00,files/accenture/accenture_2021_p_c_underwriting_survey_2021_94e74cd944.pdf,PDF,application/pdf,1778572,94e74cd9448589bb0c0632fa2b77d6747d9ea1714405c23372f1050a5ef914bc,58,validated,unknown,,,,Public access recorded; no redistribution or model-training permission inferred
dl_285fede37bc8af68,Accenture - 2019 Accenture Global Financial Services Consumer Study (2019),Accenture,collection listing/title,,https://bankingblog.accenture.com/wp-content/uploads/2019/05/Accenture_Financial-Services_Consumer-Study_2019_DACH.pdf,https://bankingblog.accenture.com/wp-content/uploads/2019/05/Accenture_Financial-Services_Consumer-Study_2019_DACH.pdf,https://bankingblog.accenture.com/wp-content/uploads/2019/05/Accenture_Financial-Services_Consumer-Study_2019_DACH.pdf,2026-10-02T19:15:05+00:00,files/accenture/accenture_2019_accenture_global_financial_services_consumer_study_2019_285fede37b.pdf,PDF,application/pdf,5174442,285fede37bc8af6831e45ecbb8446709a9a17f90e46c4edd3407757ed72919b3,59,validated,unknown,,,,Public access recorded; no redistribution or model-training permission inferred
dl_60a6718a6e012657,Accenture - The Moneyball Moment for Marketing in Canada (2019),Accenture,collection listing/title,,https://thinktv.ca/wp-content/uploads/2019/03/Accenture-Presentation-Feb-25.pdf,https://thinktv.ca/wp-content/uploads/2019/03/Accenture-Presentation-Feb-25.pdf,https://thinktv.ca/wp-content/uploads/2019/03/Accenture-Presentation-Feb-25.pdf,2026-10-02T19:15:15+00:00,files/accenture/accenture_the_moneyball_moment_for_marketing_in_canada_2019_60a6718a6e.pdf,PDF,application/pdf,2076075,60a6718a6e012657f593b3b97742574d1a436002c363725e23951becf5e67bdd,27,validated,unknown,,,,Public access recorded; no redistribution or model-training permission inferred
dl_6172d62524bd62d8,L.E.K. - 2023 APAC Hospital Insights Survey Findings for Healthcare Providers: Summary materials (2023),L.E.K.,collection listing/title,,https://www.lek.com/sites/default/files/PDFs/hsp-SEA-hcs_v2.pdf,https://www.lek.com/sites/default/files/PDFs/hsp-SEA-hcs_v2.pdf,https://www.lek.com/sites/default/files/PDFs/hsp-SEA-hcs_v2.pdf,2026-10-02T19:15:23+00:00,files/l_e_k/l_e_k_2023_apac_hospital_insights_survey_findings_for_healthcare_providers_summary_materials_2023_6172d62524.pdf,PDF,application/pdf,2036358,6172d62524bd62d85694977fe9269ec0edd04b4c0c71a2ce64a3b9d4e453b03d,33,validated,unknown,,,,Public access recorded; no redistribution or model-training permission inferred
dl_07c0832ca6395587,L.E.K. - 2023 Manufacturing Survey: Executive Summary (2023),L.E.K.,collection listing/title,,https://www.lek.com/sites/default/files/PDFs/IIC_US%20Manufacturing_Trends_Strategies_2023.pdf,https://www.lek.com/sites/default/files/PDFs/IIC_US%20Manufacturing_Trends_Strategies_2023.pdf,https://www.lek.com/sites/default/files/PDFs/IIC_US%20Manufacturing_Trends_Strategies_2023.pdf,2026-10-02T19:15:27+00:00,files/l_e_k/l_e_k_2023_manufacturing_survey_executive_summary_2023_07c0832ca6.pdf,PDF,application/pdf,828734,07c0832ca63955870d69ed905d563cadd7a1005ff2d1f5940be5522ffc53d034,12,validated,unknown,,,,Public access recorded; no redistribution or model-training permission inferred
dl_5df9c86d0f432fa3,L.E.K. - 2022 Manufacturing Survey: Executive Summary (2022),L.E.K.,collection listing/title,,https://www.lek.com/sites/default/files/PDFs/priorities-manufacturing.pdf,https://www.lek.com/sites/default/files/PDFs/priorities-manufacturing.pdf,https://www.lek.com/sites/default/files/PDFs/priorities-manufacturing.pdf,2026-10-02T19:15:29+00:00,files/l_e_k/l_e_k_2022_manufacturing_survey_executive_summary_2022_5df9c86d0f.pdf,PDF,application/pdf,880433,5df9c86d0f432fa3ae39c133f7ccb061b3913ae76dedb38818369aaf6246f2d8,10,validated,unknown,,,,Public access recorded; no redistribution or model-training permission inferred
dl_50b3b12af8dc5947,L.E.K. - 2018 Manufacturing Priorities Survey (2018),L.E.K.,collection listing/title,,https://www.lek.com/sites/default/files/insights/pdf-attachments/Manufacturing-2018-Survey.pdf,https://www.lek.com/sites/default/files/insights/pdf-attachments/Manufacturing-2018-Survey.pdf,https://www.lek.com/sites/default/files/insights/pdf-attachments/Manufacturing-2018-Survey.pdf,2026-10-02T19:15:33+00:00,files/l_e_k/l_e_k_2018_manufacturing_priorities_survey_2018_50b3b12af8.pdf,PDF,application/pdf,1528090,50b3b12af8dc5947449c580d4a7aca4c958ff1f9e1f60233c623f2a876d371f6,13,validated,unknown,,,,Public access recorded; no redistribution or model-training permission inferred
dl_26b116c1f5676925,McKinsey - Transportation and Warehousing Sector Analysis (2020),McKinsey,collection listing/title,,https://www.federalcitycouncil.org/wp-content/uploads/2020/12/McKinsey_Transportation.pdf,https://www.federalcitycouncil.org/wp-content/uploads/2020/12/McKinsey_Transportation.pdf,https://www.federalcitycouncil.org/wp-content/uploads/2020/12/McKinsey_Transportation.pdf,2026-10-02T19:16:52+00:00,files/mckinsey/mckinsey_transportation_and_warehousing_sector_analysis_2020_26b116c1f5.pdf,PDF,application/pdf,2398492,26b116c1f5676925624e8f36be123f0945af56aa1947683213a8b229748fbc73,40,validated,unknown,,,,Public access recorded; no redistribution or model-training permission inferred
dl_ebd2a5ae2aa46244,McKinsey - Future of Work Tripartite Forum: Evidence base on the Future of Work (2019),McKinsey,collection listing/title,,https://www.treasury.govt.nz/sites/default/files/2019-04/fowtf-evidence-base-4080406.PDF,https://www.treasury.govt.nz/sites/default/files/2019-04/fowtf-evidence-base-4080406.PDF,https://www.treasury.govt.nz/sites/default/files/2019-04/fowtf-evidence-base-4080406.PDF,2026-10-02T19:17:06+00:00,files/mckinsey/mckinsey_future_of_work_tripartite_forum_evidence_base_on_the_future_of_work_2019_ebd2a5ae2a.pdf,PDF,application/pdf,645917,ebd2a5ae2aa4624403fc7e94a57781f1989347509295d2354565ea46ad3792ad,14,validated,unknown,,,,Public access recorded; no redistribution or model-training permission inferred
dl_3f9915b607b47d78,McKinsey - Customs and Border Protection: Full strategy project (2018),McKinsey,collection listing/title,,https://embed.documentcloud.org/documents/6560164-McK-CBP-Project-Documents,https://embed.documentcloud.org/documents/6560164-McK-CBP-Project-Documents,https://s3.documentcloud.org/documents/6560164/McK-CBP-Project-Documents.pdf,2026-10-02T19:17:15+00:00,files/mckinsey/mckinsey_customs_and_border_protection_full_strategy_project_2018_3f9915b607.pdf,PDF,application/pdf,14784642,3f9915b607b47d7887190d035aca507c8e5294fe52f8f3561d312d74af3cdb4b,200,validated,unknown,,,,Public access recorded; no redistribution or model-training permission inferred
dl_ca564ca4bf34b204,McKinsey - Purdue: High impact interventions to rapidly address market access challenges (2017),McKinsey,collection listing/title,,https://s3.documentcloud.org/documents/20421781/mckinsey-docs.pdf,https://s3.documentcloud.org/documents/20421781/mckinsey-docs.pdf,https://s3.documentcloud.org/documents/20421781/mckinsey-docs.pdf,2026-10-02T19:17:24+00:00,files/mckinsey/mckinsey_purdue_high_impact_interventions_to_rapidly_address_market_access_challenges_2017_ca564ca4bf.pdf,PDF,application/pdf,4083850,ca564ca4bf34b20439d5178279eac60bee5a82a77a166596567a81007e99e7ad,50,validated,unknown,,,,Public access recorded; no redistribution or model-training permission inferred
dl_9f83e2208d79a6c4,McKinsey - Refueling the innovation engine in vaccines (2016),McKinsey,collection listing/title,,https://www.hhs.gov/sites/default/files/Azimi_McKinsey_Vaccine_Innovation_Findings-remediated.pdf,https://www.hhs.gov/sites/default/files/Azimi_McKinsey_Vaccine_Innovation_Findings-remediated.pdf,https://www.hhs.gov/sites/default/files/Azimi_McKinsey_Vaccine_Innovation_Findings-remediated.pdf,2026-10-02T19:17:35+00:00,files/mckinsey/mckinsey_refueling_the_innovation_engine_in_vaccines_2016_9f83e2208d.pdf,PDF,application/pdf,2041092,9f83e2208d79a6c4a1084f0a0373f165e1fa1303ab747bd741d84786c1cf1ff2,40,validated,unknown,,,,Public access recorded; no redistribution or model-training permission inferred
dl_6e74fd854225ae5c,McKinsey - USPS: Selected slides (2010),McKinsey,collection listing/title,,https://about.usps.com/future-postal-service/mckinsey-selected-slides.pdf,https://about.usps.com/future-postal-service/mckinsey-selected-slides.pdf,https://about.usps.com/future-postal-service/mckinsey-selected-slides.pdf,2026-10-02T19:18:00+00:00,files/mckinsey/mckinsey_usps_selected_slides_2010_6e74fd8542.pdf,PDF,application/pdf,291744,6e74fd854225ae5cd4cf2b0301be5f796d8dca7b9c277f8a80c0d49d52835bde,2,validated,unknown,,,,Public access recorded; no redistribution or model-training permission inferred
dl_690e175531f5c78c,McKinsey - USPS: Envisioning America’s Future Postal Service - Options for a Changing Environment (2010),McKinsey,collection listing/title,,https://about.usps.com/future-postal-service/mckinsey-march-2nd-presentation2.pdf,https://about.usps.com/future-postal-service/mckinsey-march-2nd-presentation2.pdf,https://about.usps.com/future-postal-service/mckinsey-march-2nd-presentation2.pdf,2026-10-02T19:18:03+00:00,files/mckinsey/mckinsey_usps_envisioning_america_s_future_postal_service_options_for_a_changing_environment_2010_690e175531.pdf,PDF,application/pdf,702808,690e175531f5c78ce38f682d7644c33c829e0cfb88eb3343ca24cec58534bed0,25,validated,unknown,,,,Public access recorded; no redistribution or model-training permission inferred
dl_0e9ae5e519158ff7,McKinsey - The State of Organizations (2026),McKinsey,collection listing/title,,https://www.mckinsey.com/~/media/mckinsey/business%20functions/people%20and%20organizational%20performance/our%20insights/the%20state%20of%20organizations/2026/the-state-of-organizations-2026.pdf,https://www.mckinsey.com/~/media/mckinsey/business%20functions/people%20and%20organizational%20performance/our%20insights/the%20state%20of%20organizations/2026/the-state-of-organizations-2026.pdf,https://www.mckinsey.com/~/media/mckinsey/business%20functions/people%20and%20organizational%20performance/our%20insights/the%20state%20of%20organizations/2026/the-state-of-organizations-2026.pdf,2026-10-02T19:18:18+00:00,files/mckinsey/mckinsey_the_state_of_organizations_2026_0e9ae5e519.pdf,PDF,application/pdf,16783880,0e9ae5e519158ff76cc6e818da8a157bd0767b889ac7325f7aee9314613f61d3,74,validated,unknown,,,,Public access recorded; no redistribution or model-training permission inferred
dl_70cd060e3cb2d8a4,McKinsey - The State of Fashion 2026 (2025),McKinsey,collection listing/title,,https://www.mckinsey.com/~/media/mckinsey/industries/retail/our%20insights/state%20of%20fashion/2026/the-state-of-fashion-2026-vf.pdf,https://www.mckinsey.com/~/media/mckinsey/industries/retail/our%20insights/state%20of%20fashion/2026/the-state-of-fashion-2026-vf.pdf,https://www.mckinsey.com/~/media/mckinsey/industries/retail/our%20insights/state%20of%20fashion/2026/the-state-of-fashion-2026-vf.pdf,2026-10-02T19:18:20+00:00,files/mckinsey/mckinsey_the_state_of_fashion_2026_2025_70cd060e3c.pdf,PDF,application/pdf,8263002,70cd060e3cb2d8a45e064499d1668b59294f748dc6c14f0f4d39f85374df10ce,143,validated,unknown,,,,Public access recorded; no redistribution or model-training permission inferred
dl_efacf891362645ca,McKinsey - Emerging Generative AI Use Cases in Credit - Research results (2025),McKinsey,collection listing/title,,https://iacpm.org/wp-content/uploads/2025/03/IACPM-McKinsey-Gen-AI-Webinar-2025.pdf,https://iacpm.org/wp-content/uploads/2025/03/IACPM-McKinsey-Gen-AI-Webinar-2025.pdf,https://iacpm.org/wp-content/uploads/2025/03/IACPM-McKinsey-Gen-AI-Webinar-2025.pdf,2026-10-02T19:18:30+00:00,files/mckinsey/mckinsey_emerging_generative_ai_use_cases_in_credit_research_results_2025_efacf89136.pdf,PDF,application/pdf,582622,efacf891362645ca7ce62290416055a8b1e2e3ba5e9bb2e70e980328ee25839f,17,validated,unknown,,,,Public access recorded; no redistribution or model-training permission inferred
dl_d70bedec640b9be8,McKinsey - Development in the Future of Work: 2025 Perspective on Evolving Trends in L&D (2025),McKinsey,collection listing/title,,https://www.mckinsey.com/~/media/mckinsey/featured%20insights/people%20in%20progress%20blog/learning%20trends%202025/2025_mckinsey%20learning%20perspective.pdf,https://www.mckinsey.com/~/media/mckinsey/featured%20insights/people%20in%20progress%20blog/learning%20trends%202025/2025_mckinsey%20learning%20perspective.pdf,https://www.mckinsey.com/~/media/mckinsey/featured%20insights/people%20in%20progress%20blog/learning%20trends%202025/2025_mckinsey%20learning%20perspective.pdf,2026-10-02T19:18:31+00:00,files/mckinsey/mckinsey_development_in_the_future_of_work_2025_perspective_on_evolving_trends_in_l_d_2025_d70bedec64.pdf,PDF,application/pdf,2706740,d70bedec640b9be8d019260dd1f452e132a921df360b091bc429151e3defd4ff,38,validated,unknown,,,,Public access recorded; no redistribution or model-training permission inferred
dl_5ae3432e9edd1744,McKinsey - Global Economics Intelligence: Global Summary Report (2024),McKinsey,collection listing/title,,https://www.mckinsey.com/~/media/mckinsey/business%20functions/strategy%20and%20corporate%20finance/our%20insights/global%20economics%20intelligence%20executive%20summary%20february%202024/gei-global-summary-february-2024.pdf?shouldindex=false,https://www.mckinsey.com/~/media/mckinsey/business%20functions/strategy%20and%20corporate%20finance/our%20insights/global%20economics%20intelligence%20executive%20summary%20february%202024/gei-global-summary-february-2024.pdf?shouldindex=false,https://www.mckinsey.com/~/media/mckinsey/business%20functions/strategy%20and%20corporate%20finance/our%20insights/global%20economics%20intelligence%20executive%20summary%20february%202024/gei-global-summary-february-2024.pdf?shouldindex=false,2026-10-02T19:22:46+00:00,files/mckinsey/mckinsey_global_economics_intelligence_global_summary_report_2024_5ae3432e9e.pdf,PDF,application/pdf,3494251,5ae3432e9edd1744e81aaf33c680db7de08e192e27e47847b6c2e763cb991e4a,29,validated,unknown,,,,Public access recorded; no redistribution or model-training permission inferred
dl_0d7e011ff06be10e,McKinsey - Global Banking Annual Review 2023: Figures from the Nordics (2023),McKinsey,collection listing/title,,https://www.mckinsey.com/fi/~/media/mckinsey/locations/europe%20and%20middle%20east/finland/news/banking%20review_nordic%20and%20finnish%20figures.pdf,https://www.mckinsey.com/fi/~/media/mckinsey/locations/europe%20and%20middle%20east/finland/news/banking%20review_nordic%20and%20finnish%20figures.pdf,https://www.mckinsey.com/fi/~/media/mckinsey/locations/europe%20and%20middle%20east/finland/news/banking%20review_nordic%20and%20finnish%20figures.pdf,2026-10-02T19:22:54+00:00,files/mckinsey/mckinsey_global_banking_annual_review_2023_figures_from_the_nordics_2023_0d7e011ff0.pdf,PDF,application/pdf,657834,0d7e011ff06be10e86c2b4edd88e5f681f455aa6d71b7606012567c92e853d15,8,validated,unknown,,,,Public access recorded; no redistribution or model-training permission inferred
dl_d22d21f6e951cfaf,"McKinsey - US Credit Card Issuer Performance, 1Q 2023 (2023)",McKinsey,collection listing/title,,https://www.mckinsey.com/Authenticated/~/media/clientlink/us%20credit%20card%20issuer%20performance%201q%202023/1q%202023%20us%20credit%20card%20issuer%20performance_vf.pdf,https://www.mckinsey.com/Authenticated/~/media/clientlink/us%20credit%20card%20issuer%20performance%201q%202023/1q%202023%20us%20credit%20card%20issuer%20performance_vf.pdf,https://www.mckinsey.com/Authenticated/~/media/clientlink/us%20credit%20card%20issuer%20performance%201q%202023/1q%202023%20us%20credit%20card%20issuer%20performance_vf.pdf,2026-10-02T19:22:58+00:00,files/mckinsey/mckinsey_us_credit_card_issuer_performance_1q_2023_2023_d22d21f6e9.pdf,PDF,application/pdf,1144637,d22d21f6e951cfafea940999630512366afb487456d8e2e067df8790330d16c8,37,validated,unknown,,,,Public access recorded; no redistribution or model-training permission inferred
dl_9cfba37f1863b0d4,McKinsey - Effects of GenAI on the German labor market: An opportunity to mitigate skilled labor shortages (2023),McKinsey,collection listing/title,,https://www.mckinsey.com/de/~/media/mckinsey/locations/europe%20and%20middle%20east/deutschland/news/presse/2023/2023-11-24%20genai%20implikationen%20deutschlands%20arbeitsmarkt/en_mckinsey_genai_implications_germany_labor_market.pdf,https://www.mckinsey.com/de/~/media/mckinsey/locations/europe%20and%20middle%20east/deutschland/news/presse/2023/2023-11-24%20genai%20implikationen%20deutschlands%20arbeitsmarkt/en_mckinsey_genai_implications_germany_labor_market.pdf,https://www.mckinsey.com/de/~/media/mckinsey/locations/europe%20and%20middle%20east/deutschland/news/presse/2023/2023-11-24%20genai%20implikationen%20deutschlands%20arbeitsmarkt/en_mckinsey_genai_implications_germany_labor_market.pdf,2026-10-02T19:23:00+00:00,files/mckinsey/mckinsey_effects_of_genai_on_the_german_labor_market_an_opportunity_to_mitigate_skilled_labor_shorta_9cfba37f18.pdf,PDF,application/pdf,1077266,9cfba37f1863b0d45f19b081c8c0c6c43ccb1cf25753d447e96edffba6728ce6,24,validated,unknown,,,,Public access recorded; no redistribution or model-training permission inferred
dl_f7a6d266f84c64a5,McKinsey - The economic potential of Generative AI in Norway - The next productivity frontier (2023),McKinsey,collection listing/title,,https://www.mckinsey.com/no/~/media/mckinsey/locations/europe%20and%20middle%20east/norway/newsroom/genai%20kan%20bidra%20til%20at%20halvparten%20av%20alle%20arbeidsoppgaver/genai%20in%20norway_eng_version_v2.pdf,https://www.mckinsey.com/no/~/media/mckinsey/locations/europe%20and%20middle%20east/norway/newsroom/genai%20kan%20bidra%20til%20at%20halvparten%20av%20alle%20arbeidsoppgaver/genai%20in%20norway_eng_version_v2.pdf,https://www.mckinsey.com/no/~/media/mckinsey/locations/europe%20and%20middle%20east/norway/newsroom/genai%20kan%20bidra%20til%20at%20halvparten%20av%20alle%20arbeidsoppgaver/genai%20in%20norway_eng_version_v2.pdf,2026-10-02T19:23:03+00:00,files/mckinsey/mckinsey_the_economic_potential_of_generative_ai_in_norway_the_next_productivity_frontier_2023_f7a6d266f8.pdf,PDF,application/pdf,936258,f7a6d266f84c64a507f288fef614cc490694705664377a902cb8e6ed6b977af8,26,validated,unknown,,,,Public access recorded; no redistribution or model-training permission inferred
dl_d53f5ae618b18010,McKinsey - Quantum Technology Monitor (2023),McKinsey,collection listing/title,,https://www.mckinsey.com/~/media/mckinsey/business%20functions/mckinsey%20digital/our%20insights/quantum%20technology%20sees%20record%20investments%20progress%20on%20talent%20gap/quantum-technology-monitor-april-2023.pdf,https://www.mckinsey.com/~/media/mckinsey/business%20functions/mckinsey%20digital/our%20insights/quantum%20technology%20sees%20record%20investments%20progress%20on%20talent%20gap/quantum-technology-monitor-april-2023.pdf,https://www.mckinsey.com/~/media/mckinsey/business%20functions/mckinsey%20digital/our%20insights/quantum%20technology%20sees%20record%20investments%20progress%20on%20talent%20gap/quantum-technology-monitor-april-2023.pdf,2026-10-02T19:23:10+00:00,files/mckinsey/mckinsey_quantum_technology_monitor_2023_d53f5ae618.pdf,PDF,application/pdf,6898284,d53f5ae618b180100264d681ba9ffe2ad72dbd332d0d7f1d3ffbfd565cf289dd,54,validated,unknown,,,,Public access recorded; no redistribution or model-training permission inferred
dl_202090c4a04b2e19,McKinsey - The State of Fashion 2024 (2023),McKinsey,collection listing/title,,https://www.mckinsey.com/de/~/media/mckinsey/locations/europe%20and%20middle%20east/deutschland/news/presse/2023/2023-11-28%20state%20of%20fashion%202024/sof24_report.pdf,https://www.mckinsey.com/de/~/media/mckinsey/locations/europe%20and%20middle%20east/deutschland/news/presse/2023/2023-11-28%20state%20of%20fashion%202024/sof24_report.pdf,https://www.mckinsey.com/de/~/media/mckinsey/locations/europe%20and%20middle%20east/deutschland/news/presse/2023/2023-11-28%20state%20of%20fashion%202024/sof24_report.pdf,2026-10-02T19:23:12+00:00,files/mckinsey/mckinsey_the_state_of_fashion_2024_2023_202090c4a0.pdf,PDF,application/pdf,5756614,202090c4a04b2e19574ac5f1ea49bce5d03b97bc68148e366f536751f804d5eb,65,validated,unknown,,,,Public access recorded; no redistribution or model-training permission inferred
dl_fc32f281c394a13d,McKinsey - The future trends in ASEAN steel market (2022),McKinsey,collection listing/title,,https://www.seaisi.org/storage/event_agendas/A6dhv8RY4LO0Z6l0hj9GC2YyS1gh30gWpacMmvQN.pdf,https://www.seaisi.org/storage/event_agendas/A6dhv8RY4LO0Z6l0hj9GC2YyS1gh30gWpacMmvQN.pdf,https://www.seaisi.org/storage/event_agendas/A6dhv8RY4LO0Z6l0hj9GC2YyS1gh30gWpacMmvQN.pdf,2026-10-02T19:23:14+00:00,files/mckinsey/mckinsey_the_future_trends_in_asean_steel_market_2022_fc32f281c3.pdf,PDF,application/pdf,3879232,fc32f281c394a13df6a5d6f74cc8c63ede1cf78ec45d6c9d4990f51de887434f,19,validated,unknown,,,,Public access recorded; no redistribution or model-training permission inferred
dl_45dc8f6286a5209f,"McKinsey - Global Economics Intelligence: Global Summary Report, second update (2023)",McKinsey,collection listing/title,,https://www.mckinsey.com/~/media/mckinsey/business%20functions/strategy%20and%20corporate%20finance/our%20insights/global%20economics%20intelligence%20executive%20summary%20august%202023/global-economics-intelligence-executive-summary-august-2023.pdf,https://www.mckinsey.com/~/media/mckinsey/business%20functions/strategy%20and%20corporate%20finance/our%20insights/global%20economics%20intelligence%20executive%20summary%20august%202023/global-economics-intelligence-executive-summary-august-2023.pdf,https://www.mckinsey.com/~/media/mckinsey/business%20functions/strategy%20and%20corporate%20finance/our%20insights/global%20economics%20intelligence%20executive%20summary%20august%202023/global-economics-intelligence-executive-summary-august-2023.pdf,2026-10-02T19:23:14+00:00,files/mckinsey/mckinsey_global_economics_intelligence_global_summary_report_second_update_2023_45dc8f6286.pdf,PDF,application/pdf,2162088,45dc8f6286a5209f184cad8b79b58bf0880e615e9c3d0749766ee8504f7790f5,29,validated,unknown,,,,Public access recorded; no redistribution or model-training permission inferred
dl_e43a3359db33bf65,"McKinsey - Global Economics Intelligence: Global Summary Report, updated (2023)",McKinsey,collection listing/title,,https://www.mckinsey.com/~/media/mckinsey/business%20functions/strategy%20and%20corporate%20finance/our%20insights/global%20economics%20intelligence%20%20executive%20summary%20june%202023/gei-global-summary-june-2023.pdf,https://www.mckinsey.com/~/media/mckinsey/business%20functions/strategy%20and%20corporate%20finance/our%20insights/global%20economics%20intelligence%20%20executive%20summary%20june%202023/gei-global-summary-june-2023.pdf,https://www.mckinsey.com/~/media/mckinsey/business%20functions/strategy%20and%20corporate%20finance/our%20insights/global%20economics%20intelligence%20%20executive%20summary%20june%202023/gei-global-summary-june-2023.pdf,2026-10-02T19:23:17+00:00,files/mckinsey/mckinsey_global_economics_intelligence_global_summary_report_updated_2023_e43a3359db.pdf,PDF,application/pdf,2585053,e43a3359db33bf656cea3900b0c39b01e1413053c107c1382c167156006ff7f3,28,validated,unknown,,,,Public access recorded; no redistribution or model-training permission inferred
dl_c6f334d4c34ba964,McKinsey - Global Economics Intelligence: Global Summary Report (2023),McKinsey,collection listing/title,,https://www.mckinsey.com/~/media/mckinsey/business%20functions/strategy%20and%20corporate%20finance/our%20insights/global%20economics%20intelligence%20executive%20summary%20april%202023/gei-global-summary-april-2023.pdf,https://www.mckinsey.com/~/media/mckinsey/business%20functions/strategy%20and%20corporate%20finance/our%20insights/global%20economics%20intelligence%20executive%20summary%20april%202023/gei-global-summary-april-2023.pdf,https://www.mckinsey.com/~/media/mckinsey/business%20functions/strategy%20and%20corporate%20finance/our%20insights/global%20economics%20intelligence%20executive%20summary%20april%202023/gei-global-summary-april-2023.pdf,2026-10-02T19:23:20+00:00,files/mckinsey/mckinsey_global_economics_intelligence_global_summary_report_2023_c6f334d4c3.pdf,PDF,application/pdf,2420206,c6f334d4c34ba964540b7db1a76b2e54b111c95afd39392a8455a2efd006fec2,28,validated,unknown,,,,Public access recorded; no redistribution or model-training permission inferred
dl_01f062929eac5663,McKinsey - Battery materials demand and supply perspective (2022),McKinsey,collection listing/title,,https://worldmaterialsforum.com/files/Presentations2022/WMF2022-PS1-Frank-Bekaert-McKinsey.pdf,https://worldmaterialsforum.com/files/Presentations2022/WMF2022-PS1-Frank-Bekaert-McKinsey.pdf,https://worldmaterialsforum.com/files/Presentations2022/WMF2022-PS1-Frank-Bekaert-McKinsey.pdf,2026-10-02T19:23:22+00:00,files/mckinsey/mckinsey_battery_materials_demand_and_supply_perspective_2022_01f062929e.pdf,PDF,application/pdf,1077234,01f062929eac5663646162b7a115a3fb5f2cbc19e6b6ee3d080f8ca873035d3f,11,validated,unknown,,,,Public access recorded; no redistribution or model-training permission inferred
dl_49721d26908eee06,McKinsey - Global Energy Perspective 2022: Executive Summary (2022),McKinsey,collection listing/title,,https://www.mckinsey.com/~/media/McKinsey/Industries/Oil%20and%20Gas/Our%20Insights/Global%20Energy%20Perspective%202022/Global-Energy-Perspective-2022-Executive-Summary.pdf,https://www.mckinsey.com/~/media/McKinsey/Industries/Oil%20and%20Gas/Our%20Insights/Global%20Energy%20Perspective%202022/Global-Energy-Perspective-2022-Executive-Summary.pdf,https://www.mckinsey.com/~/media/McKinsey/Industries/Oil%20and%20Gas/Our%20Insights/Global%20Energy%20Perspective%202022/Global-Energy-Perspective-2022-Executive-Summary.pdf,2026-10-02T19:23:23+00:00,files/mckinsey/mckinsey_global_energy_perspective_2022_executive_summary_2022_49721d2690.pdf,PDF,application/pdf,4736639,49721d26908eee0659a56547b2166f4dbafa82dbd161be595b05f8597bd2891d,28,validated,unknown,,,,Public access recorded; no redistribution or model-training permission inferred
dl_328cdb8479cf55aa,McKinsey - Blockchain and Digital Assets (2022),McKinsey,collection listing/title,,https://www.governor.nh.gov/sites/g/files/ehbemt336/files/inline-documents/sonh/cryptocurrency-mckinsey-blockchain-digital-assets.pdf,https://www.governor.nh.gov/sites/g/files/ehbemt336/files/inline-documents/sonh/cryptocurrency-mckinsey-blockchain-digital-assets.pdf,https://www.governor.nh.gov/sites/g/files/ehbemt336/files/inline-documents/sonh/cryptocurrency-mckinsey-blockchain-digital-assets.pdf,2026-10-02T19:23:27+00:00,files/mckinsey/mckinsey_blockchain_and_digital_assets_2022_328cdb8479.pdf,PDF,application/pdf,2837698,328cdb8479cf55aa7c6d93a995b6a301b2587c47253cfe0d5ab22cdf84827e49,40,validated,unknown,,,,Public access recorded; no redistribution or model-training permission inferred
dl_b1de1f1040c79045,McKinsey - European Consumer Sentiment Survey: How current events in Europe are shaping consumer behavior Insights from Germany (2022),McKinsey,collection listing/title,,https://www.mckinsey.com/de/~/media/mckinsey/locations/europe%20and%20middle%20east/deutschland/news/presse/2022/2022-07-18%20consumer%20sentiment%20juli%2022/220715_mck_consumer_pulse_june22_dtl.pdf,https://www.mckinsey.com/de/~/media/mckinsey/locations/europe%20and%20middle%20east/deutschland/news/presse/2022/2022-07-18%20consumer%20sentiment%20juli%2022/220715_mck_consumer_pulse_june22_dtl.pdf,https://www.mckinsey.com/de/~/media/mckinsey/locations/europe%20and%20middle%20east/deutschland/news/presse/2022/2022-07-18%20consumer%20sentiment%20juli%2022/220715_mck_consumer_pulse_june22_dtl.pdf,2026-10-02T19:23:27+00:00,files/mckinsey/mckinsey_european_consumer_sentiment_survey_how_current_events_in_europe_are_shaping_consumer_behavi_b1de1f1040.pdf,PDF,application/pdf,1881425,b1de1f1040c790457d47b13a27e2f1190cb0294b519b26c270a50576c97e26de,40,validated,unknown,,,,Public access recorded; no redistribution or model-training permission inferred
dl_a0076e637f3f5d70,McKinsey - McKinsey Technology Trends Outlook 2022 (2022),McKinsey,collection listing/title,,https://www.mckinsey.com/~/media/mckinsey/business%20functions/mckinsey%20digital/our%20insights/the%20top%20trends%20in%20tech%202022/mckinsey-tech-trends-outlook-2022-full-report.pdf,https://www.mckinsey.com/~/media/mckinsey/business%20functions/mckinsey%20digital/our%20insights/the%20top%20trends%20in%20tech%202022/mckinsey-tech-trends-outlook-2022-full-report.pdf,https://www.mckinsey.com/~/media/mckinsey/business%20functions/mckinsey%20digital/our%20insights/the%20top%20trends%20in%20tech%202022/mckinsey-tech-trends-outlook-2022-full-report.pdf,2026-10-02T19:23:31+00:00,files/mckinsey/mckinsey_mckinsey_technology_trends_outlook_2022_2022_a0076e637f.pdf,PDF,application/pdf,5169320,a0076e637f3f5d700e29ba7471a8bf8d70c39302058d7531c7dc66356ff92d28,184,validated,unknown,,,,Public access recorded; no redistribution or model-training permission inferred
dl_bd196249431a2366,McKinsey - Quantum Technology Monitor (2022),McKinsey,collection listing/title,,https://www.mckinsey.com/~/media/mckinsey/business%20functions/mckinsey%20digital/our%20insights/quantum%20computing%20funding%20remains%20strong%20but%20talent%20gap%20raises%20concern/quantum-technology-monitor.pdf,https://www.mckinsey.com/~/media/mckinsey/business%20functions/mckinsey%20digital/our%20insights/quantum%20computing%20funding%20remains%20strong%20but%20talent%20gap%20raises%20concern/quantum-technology-monitor.pdf,https://www.mckinsey.com/~/media/mckinsey/business%20functions/mckinsey%20digital/our%20insights/quantum%20computing%20funding%20remains%20strong%20but%20talent%20gap%20raises%20concern/quantum-technology-monitor.pdf,2026-10-02T19:23:33+00:00,files/mckinsey/mckinsey_quantum_technology_monitor_2022_bd19624943.pdf,PDF,application/pdf,2381468,bd196249431a2366f8fe53a8d0198c8a00a357643dd5e392e70dac28678cc498,53,validated,unknown,,,,Public access recorded; no redistribution or model-training permission inferred
dl_3f55407b70de8f85,McKinsey - Global Energy Perspective 2021 (2021),McKinsey,collection listing/title,,https://adminlb.imodules.com/s/1738/images/gid19/editor_documents/misc/hbs_mckinsey_global_energy_perspective_2021.pdf,https://adminlb.imodules.com/s/1738/images/gid19/editor_documents/misc/hbs_mckinsey_global_energy_perspective_2021.pdf,https://adminlb.imodules.com/s/1738/images/gid19/editor_documents/misc/hbs_mckinsey_global_energy_perspective_2021.pdf?sessionid=e38283a1-7536-4452-9ba1-439eef87428c&cc=1,2026-10-02T19:23:34+00:00,files/mckinsey/mckinsey_global_energy_perspective_2021_2021_3f55407b70.pdf,PDF,application/pdf,1961980,3f55407b70de8f8554b8b5b177d6c657aff1eeab11ac2ffd334688d889ffe3c8,14,validated,unknown,,,,Public access recorded; no redistribution or model-training permission inferred
dl_49b9389b75f40c54,McKinsey - Global gas outlook to 2050: Summary report (2021),McKinsey,collection listing/title,,https://www.mckinsey.com/~/media/mckinsey/industries/oil%20and%20gas/our%20insights/global%20gas%20outlook%20to%202050/global%20gas%20outlook%202050_final.pdf,https://www.mckinsey.com/~/media/mckinsey/industries/oil%20and%20gas/our%20insights/global%20gas%20outlook%20to%202050/global%20gas%20outlook%202050_final.pdf,https://www.mckinsey.com/~/media/mckinsey/industries/oil%20and%20gas/our%20insights/global%20gas%20outlook%20to%202050/global%20gas%20outlook%202050_final.pdf,2026-10-02T19:23:34+00:00,files/mckinsey/mckinsey_global_gas_outlook_to_2050_summary_report_2021_49b9389b75.pdf,PDF,application/pdf,647146,49b9389b75f40c548869e1afe77debf9276ce2cddc288c701ef2ec47f729f1a4,8,validated,unknown,,,,Public access recorded; no redistribution or model-training permission inferred
dl_af1948441df4f0e0,McKinsey - Global oil outlook to 2040: Summary report (2021),McKinsey,collection listing/title,,https://www.mckinsey.com/~/media/mckinsey/industries/oil%20and%20gas/our%20insights/global%20oil%20supply%20and%20demand%20outlook%20to%202040/global-oil-supply-and-demand-outlook-to-2040-online-summary.pdf,https://www.mckinsey.com/~/media/mckinsey/industries/oil%20and%20gas/our%20insights/global%20oil%20supply%20and%20demand%20outlook%20to%202040/global-oil-supply-and-demand-outlook-to-2040-online-summary.pdf,https://www.mckinsey.com/~/media/mckinsey/industries/oil%20and%20gas/our%20insights/global%20oil%20supply%20and%20demand%20outlook%20to%202040/global-oil-supply-and-demand-outlook-to-2040-online-summary.pdf,2026-10-02T19:23:36+00:00,files/mckinsey/mckinsey_global_oil_outlook_to_2040_summary_report_2021_af1948441d.pdf,PDF,application/pdf,666029,af1948441df4f0e01ef748294002351b1bbd29d5d382daa8940833e086fd0c4e,9,validated,unknown,,,,Public access recorded; no redistribution or model-training permission inferred
dl_aa3b6e61f68baff3,McKinsey - The Quantum Technology Monitor: Facts and figures (2021),McKinsey,collection listing/title,,https://www.mckinsey.com/~/media/mckinsey/featured%20insights/the%20rise%20of%20quantum%20computing/quantum%20technology%20monitor/2021/mckinsey-quantum-technology-monitor-202109.pdf,https://www.mckinsey.com/~/media/mckinsey/featured%20insights/the%20rise%20of%20quantum%20computing/quantum%20technology%20monitor/2021/mckinsey-quantum-technology-monitor-202109.pdf,https://www.mckinsey.com/~/media/mckinsey/featured%20insights/the%20rise%20of%20quantum%20computing/quantum%20technology%20monitor/2021/mckinsey-quantum-technology-monitor-202109.pdf,2026-10-02T19:23:40+00:00,files/mckinsey/mckinsey_the_quantum_technology_monitor_facts_and_figures_2021_aa3b6e61f6.pdf,PDF,application/pdf,4579286,aa3b6e61f68baff3d71af83b37ba4e89102c0aca2e1ed734c4a232c4f149e51e,45,validated,unknown,,,,Public access recorded; no redistribution or model-training permission inferred
dl_bc79a4906a3f9b93,"McKinsey - Consumers' sustainability sentiment and behavior before, during and after the COVID-19 crisis: Consumer research Germany (2021)",McKinsey,collection listing/title,,https://www.mckinsey.com/de/~/media/mckinsey/locations/europe%20and%20middle%20east/deutschland/news/presse/2021/2021%20pm%20nachhaltiger%20konsum/studie-nachhaltiger-konsum.pdf,https://www.mckinsey.com/de/~/media/mckinsey/locations/europe%20and%20middle%20east/deutschland/news/presse/2021/2021%20pm%20nachhaltiger%20konsum/studie-nachhaltiger-konsum.pdf,https://www.mckinsey.com/de/~/media/mckinsey/locations/europe%20and%20middle%20east/deutschland/news/presse/2021/2021%20pm%20nachhaltiger%20konsum/studie-nachhaltiger-konsum.pdf,2026-10-02T19:23:42+00:00,files/mckinsey/mckinsey_consumers_sustainability_sentiment_and_behavior_before_during_and_after_the_covid_19_crisis_bc79a4906a.pdf,PDF,application/pdf,1422432,bc79a4906a3f9b93e18b1726d2bd106868d8e449f557f55fec26d327a340210a,26,validated,unknown,,,,Public access recorded; no redistribution or model-training permission inferred
dl_de7a7763d5063514,McKinsey - 2021 ESG Report: Accelerating Sustainable and Inclusive Growth (2021),McKinsey,collection listing/title,,https://www.mckinsey.com/spContent/bespoke/esg-pdf/pdfs/in/McKinsey_2021_ESG_Report_VF.pdf,https://www.mckinsey.com/spContent/bespoke/esg-pdf/pdfs/in/McKinsey_2021_ESG_Report_VF.pdf,https://www.mckinsey.com/spContent/bespoke/esg-pdf/pdfs/in/McKinsey_2021_ESG_Report_VF.pdf,2026-10-02T19:23:46+00:00,files/mckinsey/mckinsey_2021_esg_report_accelerating_sustainable_and_inclusive_growth_2021_de7a7763d5.pdf,PDF,application/pdf,4201587,de7a7763d50635146326463aad51139bfc9c418c7eb8fe21935f3f046ccb2019,83,validated,unknown,,,,Public access recorded; no redistribution or model-training permission inferred
dl_b0c7808160ed43dd,McKinsey - The Quantum Technology Monitor: FACTS & FIGURES (2020),McKinsey,collection listing/title,,https://www.mckinsey.com/~/media/mckinsey/featured%20insights/the%20rise%20of%20quantum%20computing/quantum%20technology%20monitor/2020/mckinsey-quantum-technology-monitor-202012.pdf,https://www.mckinsey.com/~/media/mckinsey/featured%20insights/the%20rise%20of%20quantum%20computing/quantum%20technology%20monitor/2020/mckinsey-quantum-technology-monitor-202012.pdf,https://www.mckinsey.com/~/media/mckinsey/featured%20insights/the%20rise%20of%20quantum%20computing/quantum%20technology%20monitor/2020/mckinsey-quantum-technology-monitor-202012.pdf,2026-10-02T19:23:52+00:00,files/mckinsey/mckinsey_the_quantum_technology_monitor_facts_figures_2020_b0c7808160.pdf,PDF,application/pdf,5109872,b0c7808160ed43dde820d01e1e4db5febe2f4acdc84c33be6112f4e544c16236,18,validated,unknown,,,,Public access recorded; no redistribution or model-training permission inferred
dl_084d2f8cd45c906f,McKinsey - A global view of how consumer behavior is changing amid COVID-19: Discussion document (2020),McKinsey,collection listing/title,,https://www.mckinsey.com/~/media/McKinsey/Business%20Functions/Marketing%20and%20Sales/Our%20Insights/A%20global%20view%20of%20how%20consumer%20behavior%20is%20changing%20amid%20COVID%2019/20200707/covid-19-global-consumer-sentiment-20200707.pdf,https://www.mckinsey.com/~/media/McKinsey/Business%20Functions/Marketing%20and%20Sales/Our%20Insights/A%20global%20view%20of%20how%20consumer%20behavior%20is%20changing%20amid%20COVID%2019/20200707/covid-19-global-consumer-sentiment-20200707.pdf,https://www.mckinsey.com/~/media/McKinsey/Business%20Functions/Marketing%20and%20Sales/Our%20Insights/A%20global%20view%20of%20how%20consumer%20behavior%20is%20changing%20amid%20COVID%2019/20200707/covid-19-global-consumer-sentiment-20200707.pdf,2026-10-02T19:23:57+00:00,files/mckinsey/mckinsey_a_global_view_of_how_consumer_behavior_is_changing_amid_covid_19_discussion_document_2020_084d2f8cd4.pdf,PDF,application/pdf,1072445,084d2f8cd45c906fd1a7aab003153c7333dfd5b51732315df2b50abb7676057c,19,validated,unknown,,,,Public access recorded; no redistribution or model-training permission inferred
dl_9d0bda51f5f84e7d,McKinsey - COVID-19 Digital sentiment insights: Survey results for German market (2020),McKinsey,collection listing/title,,https://www.mckinsey.de/~/media/McKinsey/Locations/Europe%20and%20Middle%20East/Deutschland/News/Presse/2020/2020-05-26%20Digital%20Sentiment%20Survey/Ergebnisse_McKinsey_Konsumentenbefragung_Digital_Sentiment_2020.ashx,https://www.mckinsey.de/~/media/McKinsey/Locations/Europe%20and%20Middle%20East/Deutschland/News/Presse/2020/2020-05-26%20Digital%20Sentiment%20Survey/Ergebnisse_McKinsey_Konsumentenbefragung_Digital_Sentiment_2020.ashx,https://www.mckinsey.de/~/media/McKinsey/Locations/Europe%20and%20Middle%20East/Deutschland/News/Presse/2020/2020-05-26%20Digital%20Sentiment%20Survey/Ergebnisse_McKinsey_Konsumentenbefragung_Digital_Sentiment_2020.ashx,2026-10-02T19:24:03+00:00,files/mckinsey/mckinsey_covid_19_digital_sentiment_insights_survey_results_for_german_market_2020_9d0bda51f5.pdf,PDF,application/pdf,1914786,9d0bda51f5f84e7dc997b927b7f193a195b5739c0b506d3a22a5be115c59b9a6,22,validated,unknown,,,,Public access recorded; no redistribution or model-training permission inferred
dl_9d5af2d703df0ea4,McKinsey - Responding to COVID-19: Addressing the economic impact of the crisis - Information for US state leaders (2020),McKinsey,collection listing/title,,https://www.mckinsey.com/~/media/mckinsey/about%20us/covid%20response%20center/pdfs/responding%20to%20the%20economic%20impact.pdf,https://www.mckinsey.com/~/media/mckinsey/about%20us/covid%20response%20center/pdfs/responding%20to%20the%20economic%20impact.pdf,https://www.mckinsey.com/~/media/mckinsey/about%20us/covid%20response%20center/pdfs/responding%20to%20the%20economic%20impact.pdf,2026-10-02T19:24:04+00:00,files/mckinsey/mckinsey_responding_to_covid_19_addressing_the_economic_impact_of_the_crisis_information_for_us_stat_9d5af2d703.pdf,PDF,application/pdf,5233394,9d5af2d703df0ea4d1fd82d5c91e9a8edfbc53503b62cdf6539c1885240f4e65,34,validated,unknown,,,,Public access recorded; no redistribution or model-training permission inferred
dl_00071f1c024d002a,McKinsey - Technology’s role in mineral criticality (2017),McKinsey,collection listing/title,,https://worldmaterialsforum.com/files/Presentations2017/PlenarySession1/WMF2017-McKinsey-Franck-Bekeart.pdf,https://worldmaterialsforum.com/files/Presentations2017/PlenarySession1/WMF2017-McKinsey-Franck-Bekeart.pdf,https://worldmaterialsforum.com/files/Presentations2017/PlenarySession1/WMF2017-McKinsey-Franck-Bekeart.pdf,2026-10-02T19:24:55+00:00,files/mckinsey/mckinsey_technology_s_role_in_mineral_criticality_2017_00071f1c02.pdf,PDF,application/pdf,11326042,00071f1c024d002a9b05725a962ab08f7593db96778a17948665515013b2de64,28,validated,unknown,,,,Public access recorded; no redistribution or model-training permission inferred
dl_a153804684314f79,McKinsey - Using Artificial Intelligence to prevent healthcare errors from occurring (2017),McKinsey,collection listing/title,,https://www.bundesgesundheitsministerium.de/fileadmin/Dateien/3_Downloads/P/Patientensicherheit/WS3-2017/01_WS3_Henke_20170328_Using_AI_to_prevent_healthcare_errors_from_occuring.pdf,https://www.bundesgesundheitsministerium.de/fileadmin/Dateien/3_Downloads/P/Patientensicherheit/WS3-2017/01_WS3_Henke_20170328_Using_AI_to_prevent_healthcare_errors_from_occuring.pdf,https://www.bundesgesundheitsministerium.de/fileadmin/Dateien/3_Downloads/P/Patientensicherheit/WS3-2017/01_WS3_Henke_20170328_Using_AI_to_prevent_healthcare_errors_from_occuring.pdf,2026-10-02T19:24:55+00:00,files/mckinsey/mckinsey_using_artificial_intelligence_to_prevent_healthcare_errors_from_occurring_2017_a153804684.pdf,PDF,application/pdf,2090222,a153804684314f79825eb822af3bb839484943de4feb8bc127e053a23c2ac48f,26,validated,unknown,,,,Public access recorded; no redistribution or model-training permission inferred
dl_a63294fe2fb6bc8e,McKinsey - Challenges in Mining: Scarcity or Opportunity? (2015),McKinsey,collection listing/title,,https://worldmaterialsforum.com/files/downloads/5-Rare_20Raw_20Material_20Issues.pdf,https://worldmaterialsforum.com/files/downloads/5-Rare_20Raw_20Material_20Issues.pdf,https://worldmaterialsforum.com/files/downloads/5-Rare_20Raw_20Material_20Issues.pdf,2026-10-02T19:25:18+00:00,files/mckinsey/mckinsey_challenges_in_mining_scarcity_or_opportunity_2015_a63294fe2f.pdf,PDF,application/pdf,3055950,a63294fe2fb6bc8e8f0289685199ac3b3d6ce2392756def287f460fdaa2b922a,41,validated,unknown,,,,Public access recorded; no redistribution or model-training permission inferred
dl_ec2b099a3840f9df,McKinsey - The Internet of Things and Big Data: Opportunities for Value Creation (2013),McKinsey,collection listing/title,,https://www.cisco.com/assets/sol/dc/iot_and_big_data.pdf,https://www.cisco.com/assets/sol/dc/iot_and_big_data.pdf,https://www.cisco.com/assets/sol/dc/iot_and_big_data.pdf,2026-10-02T19:25:23+00:00,files/mckinsey/mckinsey_the_internet_of_things_and_big_data_opportunities_for_value_creation_2013_ec2b099a38.pdf,PDF,application/pdf,661310,ec2b099a3840f9dff37476bf71b6a12ee4c912b06b83cd02209771a33ca17930,18,validated,unknown,,,,Public access recorded; no redistribution or model-training permission inferred
dl_df3744c7748e5c92,McKinsey - Insurance trends and growth opportunities for Poland (2015),McKinsey,collection listing/title,,https://piu.org.pl/public/upload/ibrowser/III%20Kongres%20prezentacje/2014.05.04%20Polish%20Insurance%20Association%20-%20final.pdf,https://piu.org.pl/public/upload/ibrowser/III%20Kongres%20prezentacje/2014.05.04%20Polish%20Insurance%20Association%20-%20final.pdf,https://piu.org.pl/public/upload/ibrowser/III%20Kongres%20prezentacje/2014.05.04%20Polish%20Insurance%20Association%20-%20final.pdf,2026-10-02T19:25:25+00:00,files/mckinsey/mckinsey_insurance_trends_and_growth_opportunities_for_poland_2015_df3744c774.pdf,PDF,application/pdf,1903853,df3744c7748e5c929a062279ff86ddaf9c3b1eeb0672f593b43e44b67c31fc71,25,validated,unknown,,,,Public access recorded; no redistribution or model-training permission inferred
dl_773fc51270fd80c6,"McKinsey - A future that works: AI, automation, employment, and productivity (2017)",McKinsey,collection listing/title,,https://www.jbs.cam.ac.uk/wp-content/uploads/2020/08/170622-slides-manyika.pdf,https://www.jbs.cam.ac.uk/wp-content/uploads/2020/08/170622-slides-manyika.pdf,https://www.jbs.cam.ac.uk/wp-content/uploads/2020/08/170622-slides-manyika.pdf,2026-10-02T19:25:48+00:00,files/mckinsey/mckinsey_a_future_that_works_ai_automation_employment_and_productivity_2017_773fc51270.pdf,PDF,application/pdf,1999968,773fc51270fd80c6404e23e2b0668e7b07cf4fbff47550ffac1d6f79d80642d6,22,validated,unknown,,,,Public access recorded; no redistribution or model-training permission inferred
dl_62f5693eb0386176,McKinsey - Reinventing Construction: A Route To Higher Productivity (2017),McKinsey,collection listing/title,,https://ec.europa.eu/docsroom/documents/24763/attachments/3/translations/en/renditions/native,https://ec.europa.eu/docsroom/documents/24763/attachments/3/translations/en/renditions/native,https://webgate.ec.europa.eu/circabc-ewpp/rest/download/4c1a60c5-35ac-45e3-9958-0f7e0b0cc6dc,2026-10-02T19:26:09+00:00,files/mckinsey/mckinsey_reinventing_construction_a_route_to_higher_productivity_2017_62f5693eb0.pdf,PDF,application/pdf; charset=UTF-8,2290677,62f5693eb0386176483d72a9f3fe390ec5a287e8674b98a81df263053637f7e2,14,validated,unknown,,,,Public access recorded; no redistribution or model-training permission inferred
dl_df4a9e04f0e5f6e0,McKinsey - Attracting Responsible Mining Investment in Fragile and Conflict Affected Settings (2014),McKinsey,collection listing/title,,https://www.worldbank.org/content/dam/Worldbank/document/Extractives/Mining%20Indaba%202014/Reversing%20the%20Curse%20McKinsey%20presentation%20(Conflict%20and%20fragile%20states).pdf,https://www.worldbank.org/content/dam/Worldbank/document/Extractives/Mining%20Indaba%202014/Reversing%20the%20Curse%20McKinsey%20presentation%20(Conflict%20and%20fragile%20states).pdf,https://www.worldbank.org/content/dam/Worldbank/document/Extractives/Mining%20Indaba%202014/Reversing%20the%20Curse%20McKinsey%20presentation%20(Conflict%20and%20fragile%20states).pdf,2026-10-02T19:30:00+00:00,files/mckinsey/mckinsey_attracting_responsible_mining_investment_in_fragile_and_conflict_affected_settings_2014_df4a9e04f0.pdf,PDF,application/pdf,498635,df4a9e04f0e5f6e04ce8b712ae6e9971d8a6cff31513258feaf40490e0563a5c,8,validated,unknown,,,,Public access recorded; no redistribution or model-training permission inferred
dl_37932959fdf7e03a,"McKinsey - From poverty to empowerment: India’s imperative for jobs, growth and effective basic services (2014)",McKinsey,collection listing/title,,https://icrier.org/pdf/mgi_poverty_v2.pdf,https://icrier.org/pdf/mgi_poverty_v2.pdf,https://icrier.org/pdf/mgi_poverty_v2.pdf,2026-10-02T19:30:01+00:00,files/mckinsey/mckinsey_from_poverty_to_empowerment_india_s_imperative_for_jobs_growth_and_effective_basic_services_37932959fd.pdf,PDF,application/pdf,925595,37932959fdf7e03ae8cfe1c5138b1ea784a54a6ff2895a845e857f0677dc3a82,21,validated,unknown,,,,Public access recorded; no redistribution or model-training permission inferred
dl_11bb688d833fb2f6,McKinsey - Context for Global Growth and Development (2014),McKinsey,collection listing/title,,https://www.un.org/esa/ffd/wp-content/uploads/2014/11/gc-Presentation_Manyika_10Nov14.pdf,https://www.un.org/esa/ffd/wp-content/uploads/2014/11/gc-Presentation_Manyika_10Nov14.pdf,https://www.un.org/esa/ffd/wp-content/uploads/2014/11/gc-Presentation_Manyika_10Nov14.pdf,2026-10-02T19:30:04+00:00,files/mckinsey/mckinsey_context_for_global_growth_and_development_2014_11bb688d83.pdf,PDF,application/pdf,937471,11bb688d833fb2f668b8bec7ed3cdfccc03872dd850ad5d4d1ab331ac912fc13,11,validated,unknown,,,,Public access recorded; no redistribution or model-training permission inferred
dl_b125547ceb745961,McKinsey - A blueprint for addressing the global affordable housing challenge (2015),McKinsey,collection listing/title,,https://www.fiic.la/Documentos/Congreso%20CAMACOL%202015/MGI%20AH%20Camacol_Jan%20Mischke.pdf,https://www.fiic.la/Documentos/Congreso%20CAMACOL%202015/MGI%20AH%20Camacol_Jan%20Mischke.pdf,https://www.fiic.la/Documentos/Congreso%20CAMACOL%202015/MGI%20AH%20Camacol_Jan%20Mischke.pdf,2026-10-02T19:30:08+00:00,files/mckinsey/mckinsey_a_blueprint_for_addressing_the_global_affordable_housing_challenge_2015_b125547ceb.pdf,PDF,application/pdf,4216061,b125547ceb745961587b8d1d0bbfbf102e955414ecc5df0132ae6e88fb96f737,49,validated,unknown,,,,Public access recorded; no redistribution or model-training permission inferred
dl_05cf17d97c3ce026,"McKinsey - Digital Economy: Trends, Opportunities and Challenges (date unknown)",McKinsey,collection listing/title,,https://www.ntia.gov/files/ntia/publications/james_manyika_digital_economy_deba_may_16_v4.pdf,https://www.ntia.gov/files/ntia/publications/james_manyika_digital_economy_deba_may_16_v4.pdf,https://www.ntia.gov/files/ntia/publications/james_manyika_digital_economy_deba_may_16_v4.pdf,2026-10-02T19:30:08+00:00,files/mckinsey/mckinsey_digital_economy_trends_opportunities_and_challenges_date_unknown_05cf17d97c.pdf,PDF,application/pdf,4688775,05cf17d97c3ce0262e5893134783d4b4a191f0162f56311ffcc62dfd5262c90e,18,validated,unknown,,,,Public access recorded; no redistribution or model-training permission inferred
dl_a3329096a2480b27,SCR (situation-complication-resolution) framework,unknown_firm,not stated in entry title,,https://slideworks.io/resources/how-to-use-McKinseys-scr-framework-with-examples,https://slideworks.io/resources/how-to-use-McKinseys-scr-framework-with-examples,https://about.usps.com/future-postal-service/mckinsey-usps-future-bus-model2.pdf,2026-10-02T19:30:20+00:00,files/unknown_firm/scr_situation_complication_resolution_framework_a3329096a2.pdf,PDF,application/pdf,221632,a3329096a2480b27202220c655a9a76c496e07aedf640116d7f5d426c6f0207d,39,validated,unknown,,,,Public access recorded; no redistribution or model-training permission inferred
dl_65723b51e7c5330b,case against McKinsey's involvement in the opioid crisis and their conflict of interest while consulting both for pharma companies and the FDA simultaneously,McKinsey,collection listing/title,,https://oversightdemocrats.house.gov/imo/media/doc/2022-04-13.McKinsey%20Opioid%20Conflicts%20Majority%20Staff%20Report%20FINAL.pdf,https://oversightdemocrats.house.gov/imo/media/doc/2022-04-13.McKinsey%20Opioid%20Conflicts%20Majority%20Staff%20Report%20FINAL.pdf,https://oversightdemocrats.house.gov/imo/media/doc/2022-04-13.McKinsey%20Opioid%20Conflicts%20Majority%20Staff%20Report%20FINAL.pdf,2026-10-02T19:30:21+00:00,files/mckinsey/case_against_mckinsey_s_involvement_in_the_opioid_crisis_and_their_conflict_of_interest_while_consul_65723b51e7.pdf,PDF,application/pdf,2266116,65723b51e7c5330bf125321b869363d526f61a694a1b66ffa38b90f4814292f9,53,validated,unknown,,,,Public access recorded; no redistribution or model-training permission inferred
dl_6a820bcf7a2c4810,Reshaping NYCHA support functions – Key findings and recommendations (2012),EY,collection listing/title,,https://www.nyc.gov/assets/nycha/downloads/pdf/BCG-report-NYCHA-Key-Findings-and-Recommendations-8-15-12vFinal.pdf,https://www.nyc.gov/assets/nycha/downloads/pdf/BCG-report-NYCHA-Key-Findings-and-Recommendations-8-15-12vFinal.pdf,https://www.nyc.gov/assets/nycha/downloads/pdf/BCG-report-NYCHA-Key-Findings-and-Recommendations-8-15-12vFinal.pdf,2026-10-02T19:31:21+00:00,files/ey/reshaping_nycha_support_functions_key_findings_and_recommendations_2012_6a820bcf7a.pdf,PDF,application/pdf,1875812,6a820bcf7a2c481007ed7b3f88bc4e4e07bdacb5520c7a9e19e673f7ecb1ca3f,112,validated,unknown,,,,Public access recorded; no redistribution or model-training permission inferred
dl_41c49c3447565978,Evaluating NYC media sector development setting the stage for future growth (2012),unknown_firm,not stated in entry title,,https://www.nyc.gov/html/film/downloads/pdf/Media_in_NYC_2012.pdf,https://www.nyc.gov/html/film/downloads/pdf/Media_in_NYC_2012.pdf,https://www.nyc.gov/html/film/downloads/pdf/Media_in_NYC_2012.pdf,2026-10-02T19:31:23+00:00,files/unknown_firm/evaluating_nyc_media_sector_development_setting_the_stage_for_future_growth_2012_41c49c3447.pdf,PDF,application/pdf,1179110,41c49c3447565978ef32ea1f3532cad2160d10491b895b61785bf481c1459321,42,validated,unknown,,,,Public access recorded; no redistribution or model-training permission inferred
dl_b9e4aa74e06ec2fb,The Open Education Resources ecosystem: Evaluation of OER movement’s current state and its progress toward mainstream adoption (2013),unknown_firm,not stated in entry title,,https://www.hewlett.org/wp-content/uploads/2016/08/The%20Open%20Educational%20Resources%20Ecosystem.pdf,https://www.hewlett.org/wp-content/uploads/2016/08/The%20Open%20Educational%20Resources%20Ecosystem.pdf,https://www.hewlett.org/wp-content/uploads/2016/08/The%20Open%20Educational%20Resources%20Ecosystem.pdf,2026-10-02T19:31:39+00:00,files/unknown_firm/the_open_education_resources_ecosystem_evaluation_of_oer_movement_s_current_state_and_its_progress_t_b9e4aa74e0.pdf,PDF,application/pdf,568589,b9e4aa74e06ec2fb335bc17fbebc35f3a4bd39053f703d5e2af29e740b959a60,23,validated,unknown,,,,Public access recorded; no redistribution or model-training permission inferred
dl_14a02c7150ab2533,Value guided healthcare as a platform for industrial development – feasibility study: Final Documentation (2009),unknown_firm,not stated in entry title,,https://www.alexanderjarvis.com/bcg-value-guided-healthcare-as-a-platform-for-industrial-development-in-sweden/,https://www.alexanderjarvis.com/bcg-value-guided-healthcare-as-a-platform-for-industrial-development-in-sweden/,http://www.forskasverige.se/wp-content/uploads/Value-Based-Health-Care.pdf,2026-10-02T19:31:44+00:00,files/unknown_firm/value_guided_healthcare_as_a_platform_for_industrial_development_feasibility_study_final_documentati_14a02c7150.pdf,PDF,application/pdf,1312341,14a02c7150ab253363f70e8cef15f690b6eb652c3d8c01efba3c3e7fc8b52c36,26,validated,unknown,,,,Public access recorded; no redistribution or model-training permission inferred
dl_337f0a9a047e7cb2,How to improve the connection between Swedish start-ups and corporations? (2016),unknown_firm,not stated in entry title,,http://static2.snowfire.io/accounts/14796/files/219.pdf?t=o4z026,http://static2.snowfire.io/accounts/14796/files/219.pdf?t=o4z026,http://static2.snowfire.io/accounts/14796/files/219.pdf?t=o4z026,2026-10-02T19:31:51+00:00,files/unknown_firm/how_to_improve_the_connection_between_swedish_start_ups_and_corporations_2016_337f0a9a04.pdf,PDF,application/pdf,1577839,337f0a9a047e7cb2b19f6997f74126e465feec75916d0c73a43bef63db580184,28,validated,unknown,,,,Public access recorded; no redistribution or model-training permission inferred
dl_4b2948011bc6961e,The end of management as we know it? – Could agile can be an antidote to this crisis? (2019),unknown_firm,not stated in entry title,,https://www.ipsos.com/sites/default/files/ct/news/documents/2019-09/bcg_theendofmanagement.pdf,https://www.ipsos.com/sites/default/files/ct/news/documents/2019-09/bcg_theendofmanagement.pdf,https://www.ipsos.com/sites/default/files/ct/news/documents/2019-09/bcg_theendofmanagement.pdf,2026-10-02T19:33:28+00:00,files/unknown_firm/the_end_of_management_as_we_know_it_could_agile_can_be_an_antidote_to_this_crisis_2019_4b2948011b.pdf,PDF,application/pdf,5547127,4b2948011bc6961ec6f2cb679923fb7fc6c07f19e7cb4b397e570d97f4100d34,31,validated,unknown,,,,Public access recorded; no redistribution or model-training permission inferred
dl_155e8c2451750595,Era of Constant Change – Transformational Leadership (2019),unknown_firm,not stated in entry title,,https://www.zdruzenje-manager.si/assets/Uploads/PPT-Jim-Hemerling.pptx,https://www.zdruzenje-manager.si/assets/Uploads/PPT-Jim-Hemerling.pptx,https://www.zdruzenje-manager.si/assets/Uploads/PPT-Jim-Hemerling.pptx,2026-10-02T19:33:32+00:00,files/unknown_firm/era_of_constant_change_transformational_leadership_2019_155e8c2451.pptx,PPTX,application/vnd.openxmlformats-officedocument.presentationml.presentation,5399201,155e8c2451750595115bf0893aa9692ec0986f4b414899aac6a5de7136b09d25,38,validated,unknown,,,,Public access recorded; no redistribution or model-training permission inferred
dl_f78f96cada67629b,2011 China Luxury Market Study (2011),unknown_firm,not stated in entry title,,https://media.bain.com/Images/2011%20Bain%20China%20Luxury%20Market%20Study.pdf,https://media.bain.com/Images/2011%20Bain%20China%20Luxury%20Market%20Study.pdf,https://media.bain.com/Images/2011%20Bain%20China%20Luxury%20Market%20Study.pdf,2026-10-02T19:37:29+00:00,files/unknown_firm/2011_china_luxury_market_study_2011_f78f96cada.pdf,PDF,application/pdf,3416778,f78f96cada67629b30ccccd7e29564dcc8cd02b4abbfcad80bf1d4953df048a1,27,validated,unknown,,,,Public access recorded; no redistribution or model-training permission inferred
dl_38d7388149171a6f,Introduction to Bain & Company / Report on resilience (2021),Bain,collection listing/title,,https://amcham.dk/wp-content/uploads/2021/04/20200412-Resilience-AmCham-presentation-vSHARED.pdf,https://amcham.dk/wp-content/uploads/2021/04/20200412-Resilience-AmCham-presentation-vSHARED.pdf,https://amcham.dk/wp-content/uploads/2021/04/20200412-Resilience-AmCham-presentation-vSHARED.pdf,2026-10-02T19:37:29+00:00,files/bain/introduction_to_bain_company_report_on_resilience_2021_38d7388149.pdf,PDF,application/pdf,3904442,38d7388149171a6f009ec0035d95938c1409cf946a8a14f34c2f648289a7f654,27,validated,unknown,,,,Public access recorded; no redistribution or model-training permission inferred
dl_1b05bc5053002b43,Engaging your organization to deliver results (2019),unknown_firm,not stated in entry title,,https://chicago.iabc.com/wp-content/uploads/2019/10/Bain-Presentation-Deck.pdf,https://chicago.iabc.com/wp-content/uploads/2019/10/Bain-Presentation-Deck.pdf,https://chicago.iabc.com/wp-content/uploads/2019/10/Bain-Presentation-Deck.pdf,2026-10-02T19:37:32+00:00,files/unknown_firm/engaging_your_organization_to_deliver_results_2019_1b05bc5053.pdf,PDF,application/pdf,1394562,1b05bc5053002b43ddef08fc780df6bfc49009933549b813aafa8762e5bacab1,17,validated,unknown,,,,Public access recorded; no redistribution or model-training permission inferred
dl_6139cba2b5f19d18,BCG - Nursing Facility Task Force: Massachusetts Healthcare Collaborative (2019),BCG,collection listing/title,,https://www.mass.gov/doc/october-18-2019-presentation-eolwd/download,https://www.mass.gov/doc/october-18-2019-presentation-eolwd/download,https://www.mass.gov/doc/october-18-2019-presentation-eolwd/download,2026-10-02T19:41:00+00:00,files/bcg/bcg_nursing_facility_task_force_massachusetts_healthcare_collaborative_2019_6139cba2b5.pptx,PPTX,application/vnd.openxmlformats-officedocument.presentationml.presentation,1476711,6139cba2b5f19d18511deab7a2800fdb3c3b1e8c91639e93b9f4e7c4dbdfdde6,11,validated,unknown,,,,Public access recorded; no redistribution or model-training permission inferred
dl_f8ae740778b6acd9,BCG - Budgetanalyse af Forsvaret 2017 (2017) [IN DANISH],BCG,collection listing/title,,https://www.fmn.dk/globalassets/fmn/dokumenter/forlig/-konsulentrapport-budgetanalyser-af-forsvaret-2017-.pdf,https://www.fmn.dk/globalassets/fmn/dokumenter/forlig/-konsulentrapport-budgetanalyser-af-forsvaret-2017-.pdf,https://www.fmn.dk/globalassets/fmn/dokumenter/forlig/-konsulentrapport-budgetanalyser-af-forsvaret-2017-.pdf,2026-10-02T19:41:04+00:00,files/bcg/bcg_budgetanalyse_af_forsvaret_2017_2017_in_danish_f8ae740778.pdf,PDF,application/pdf,3760591,f8ae740778b6acd96f05a1da841a2a6cd2b243abf827d4a152a519116581fe05,190,validated,unknown,,,,Public access recorded; no redistribution or model-training permission inferred
dl_6a7825eb3878c286,BCG - Budgetanalyse af Forsvaret 2017 Materialesamling – Del 2 (2017) [IN DANISH],BCG,collection listing/title,,https://www.fmn.dk/globalassets/fmn/dokumenter/forlig/-materialesamling-del-2-det-understoettende-materiel-og-it-omraade-.pdf,https://www.fmn.dk/globalassets/fmn/dokumenter/forlig/-materialesamling-del-2-det-understoettende-materiel-og-it-omraade-.pdf,https://www.fmn.dk/globalassets/fmn/dokumenter/forlig/-materialesamling-del-2-det-understoettende-materiel-og-it-omraade-.pdf,2026-10-02T19:41:08+00:00,files/bcg/bcg_budgetanalyse_af_forsvaret_2017_materialesamling_del_2_2017_in_danish_6a7825eb38.pdf,PDF,application/pdf,9212803,6a7825eb3878c28646e7635985bb37c200432a258988daf48bd95b2af35806a5,482,validated,unknown,,,,Public access recorded; no redistribution or model-training permission inferred
dl_735010653b75c61e,BCG - Victoria's Creative and Cultural Economy - Fact Pack (2015),BCG,collection listing/title,,https://wecreate.org.nz/wp-content/uploads/BCG-Victoria-Creative-Cultural-Economy-2015.pdf,https://wecreate.org.nz/wp-content/uploads/BCG-Victoria-Creative-Cultural-Economy-2015.pdf,https://wecreate.org.nz/wp-content/uploads/BCG-Victoria-Creative-Cultural-Economy-2015.pdf,2026-10-02T19:41:12+00:00,files/bcg/bcg_victoria_s_creative_and_cultural_economy_fact_pack_2015_735010653b.pdf,PDF,application/pdf,1408138,735010653b75c61eeb1e4bbbc3f35cd63b5eec65f18bf407feecc36dddba3a21,65,validated,unknown,,,,Public access recorded; no redistribution or model-training permission inferred
dl_d35f8b77c271aae5,BCG - Proposal for Spend Analysis and Procurement Consulting Services for the Commonwealth of Virginia (2022),BCG,collection listing/title,,https://bloximages.newyork1.vip.townnews.com/richmond.com/content/tncms/assets/v3/editorial/0/07/007c62da-5bcc-517c-88b6-438aff9f5bbf/638a6fc44b48c.pdf.pdf,https://bloximages.newyork1.vip.townnews.com/richmond.com/content/tncms/assets/v3/editorial/0/07/007c62da-5bcc-517c-88b6-438aff9f5bbf/638a6fc44b48c.pdf.pdf,https://bloximages.newyork1.vip.townnews.com/richmond.com/content/tncms/assets/v3/editorial/0/07/007c62da-5bcc-517c-88b6-438aff9f5bbf/638a6fc44b48c.pdf.pdf,2026-10-02T19:41:36+00:00,files/bcg/bcg_proposal_for_spend_analysis_and_procurement_consulting_services_for_the_commonwealth_of_virginia_d35f8b77c2.pdf,PDF,application/pdf,16521813,d35f8b77c271aae5f6b2c81fa89c44d01b24f82700812bdd24035207c22dd931,79,validated,unknown,,,,Public access recorded; no redistribution or model-training permission inferred
dl_8890588fa5959173,BCG - Loose dogs in Dallas: Strategic Recommendations to Improve Public Safety and Animal Welfare - Presentation of findings to City Council (2016),BCG,collection listing/title,,https://dallascityhall.com/government/Council%20Meeting%20Documents/loose-dogs-in-dallas-strategic-recommendations-to-improve-public-safety-and-animal-welfare_combined_083016.pdf,https://dallascityhall.com/government/Council%20Meeting%20Documents/loose-dogs-in-dallas-strategic-recommendations-to-improve-public-safety-and-animal-welfare_combined_083016.pdf,https://dallascityhall.com/government/Council%20Meeting%20Documents/loose-dogs-in-dallas-strategic-recommendations-to-improve-public-safety-and-animal-welfare_combined_083016.pdf,2026-10-02T19:41:39+00:00,files/bcg/bcg_loose_dogs_in_dallas_strategic_recommendations_to_improve_public_safety_and_animal_welfare_prese_8890588fa5.pdf,PDF,application/pdf,11579074,8890588fa59591738e94ddd463f5adfe1baf3ae4576bf172017d9c91cada09c2,406,validated,unknown,,,,Public access recorded; no redistribution or model-training permission inferred
dl_f589cc025b4610a9,"BCG - Impact of IRA, IIJA, CHIPS, and Energy Act of 2020 on Clean Technologies (2023)",BCG,collection listing/title,,https://www.congress.gov/118/meeting/house/116005/documents/HHRG-118-IF02-20230523-SD003.pdf,https://www.congress.gov/118/meeting/house/116005/documents/HHRG-118-IF02-20230523-SD003.pdf,https://www.congress.gov/118/meeting/house/116005/documents/HHRG-118-IF02-20230523-SD003.pdf,2026-10-02T19:42:14+00:00,files/bcg/bcg_impact_of_ira_iija_chips_and_energy_act_of_2020_on_clean_technologies_2023_f589cc025b.pdf,PDF,application/pdf,2158440,f589cc025b4610a94c7171ea1b74053eba1828348e24ed73a562e2b404146635,23,validated,unknown,,,,Public access recorded; no redistribution or model-training permission inferred
dl_77b5c29882335a08,BCG - The Media and Entertainment Industry in NYC: Trends and Recommendations for the Future (2015),BCG,collection listing/title,,https://www.nyc.gov/assets/mome/pdf/bcg-report-10.15.pdf,https://www.nyc.gov/assets/mome/pdf/bcg-report-10.15.pdf,https://www.nyc.gov/assets/mome/pdf/bcg-report-10.15.pdf,2026-10-02T19:45:09+00:00,files/bcg/bcg_the_media_and_entertainment_industry_in_nyc_trends_and_recommendations_for_the_future_2015_77b5c29882.pdf,PDF,application/pdf,1910110,77b5c29882335a08b617524d9a7e5803edaceb5051432bf4bb4c8a2222f7f6d9,49,validated,unknown,,,,Public access recorded; no redistribution or model-training permission inferred
dl_aba4cf3f091a5b7d,Bain - University of North Carolina at Chapel Hill - Cost Diagnostic: Final Report (2009),Bain,collection listing/title,,https://bot.unc.edu/wp-content/uploads/sites/160/archives/PP%20709%20Bain%20Report.pdf,https://bot.unc.edu/wp-content/uploads/sites/160/archives/PP%20709%20Bain%20Report.pdf,https://bot.unc.edu/wp-content/uploads/sites/160/archives/PP%20709%20Bain%20Report.pdf,2026-10-02T19:45:41+00:00,files/bain/bain_university_of_north_carolina_at_chapel_hill_cost_diagnostic_final_report_2009_aba4cf3f09.pdf,PDF,application/pdf,110959,aba4cf3f091a5b7d44a99a14d85234088d01e4354dcc74eaf3422e4dbe52935b,15,validated,unknown,,,,Public access recorded; no redistribution or model-training permission inferred
dl_f55ea8eb836f020b,Bain - Fast Forward Your Route To Consumers (2017),Bain,collection listing/title,,https://altagamma.it/media/source/Altagamma-Elle%20Decor%20-%20Fast%20Forward%20your%20route%20to%20consumer_VPRESENTED.pdf,https://altagamma.it/media/source/Altagamma-Elle%20Decor%20-%20Fast%20Forward%20your%20route%20to%20consumer_VPRESENTED.pdf,https://altagamma.it/media/source/Altagamma-Elle%20Decor%20-%20Fast%20Forward%20your%20route%20to%20consumer_VPRESENTED.pdf,2026-10-02T19:46:14+00:00,files/bain/bain_fast_forward_your_route_to_consumers_2017_f55ea8eb83.pdf,PDF,application/pdf,1892380,f55ea8eb836f020bec31758a6b0873494fa329f3e86c67675ca23d6a80324ca8,21,validated,unknown,,,,Public access recorded; no redistribution or model-training permission inferred
