entry_id,collection_id,title,firm,listed_url,resolved_url,download_id,status,reason
bae3cd1637e9b265,slideworks_750,Bain example 1: 2023 Global Private Equity Report (2023),Bain,https://www.bain.com/globalassets/about/2023-global-pe-report---roadshow-deck.pdf,https://www.bain.com/globalassets/about/2023-global-pe-report---roadshow-deck.pdf,dl_987da9a10c05c794,downloaded,
319bd1dbb4bb45b4,slideworks_750,Bain example 3: Syracuse University Diagnostic report (2014),Bain,https://news.syr.edu/wp-content/uploads/2017/04/Innovation-and-Opportunities-Assessment-Report-April-2014.pdf,https://news.syr.edu/wp-content/uploads/2017/04/Innovation-and-Opportunities-Assessment-Report-April-2014.pdf,dl_82416a0d09db1731,downloaded,
481cd287c14b8d41,slideworks_750,Deloitte example 1: New Brunswick Supply Chain Study: Final Report (2023),Deloitte,https://www.arc-cleantech.com/uploads/%28Public%20Version%29%20New%20Brunswick%20Supply%20Chain%20Study%20FINAL_08022023.pdf,,,dead_link,http_404
c406f473f47d7b0e,slideworks_750,Deloitte example 2: New Mexico State University Staffing Study: Opportunities for Cost Reduction Report (2015),Deloitte,https://leads2025.nmsu.edu/pdf/NMSU-Recommendations-Report-Final.pdf,,,robots_disallowed,robots_disallowed
d4faf3dfd16b86d4,slideworks_750,Deloitte example 3: Town of Tillsonburg: IT Strategic Review - Council Update (2014),Deloitte,https://www.tillsonburg.ca/media/v3gnjreo/h21cb3ub_deloitte-it-strategic-review-2014.pdf,,,robots_disallowed,robots_disallowed
b276e39629134327,slideworks_750,Deloitte - Scottish Fiscal Commission: Final report to the Audit & Risk Committee and the Auditor General for Scotland on the on the 2022/23 audit (2023),Deloitte,https://fiscalcommission.scot/wp-content/uploads/2023/10/Deloitte-LLP-Audit-Report-2022-23.pdf,https://fiscalcommission.scot/wp-content/uploads/2023/10/Deloitte-LLP-Audit-Report-2022-23.pdf,dl_1d68a9487a05be4e,downloaded,
74a02949aa6d171c,slideworks_750,Deloitte - Accelerated Access Review: UK Mapping (2015),Deloitte,https://assets.publishing.service.gov.uk/media/5a80719b40f0b623026938a6/AAR_UK_Mapping.pdf,,,robots_disallowed,robots_disallowed
8a2e9f3925925e26,slideworks_750,Deloitte - Selecting Destination for a Software Factory (2009),Deloitte,https://www.slideshare.net/slideshow/02-deloitte-sfic-2009/2313399,,,unresolved,no_public_document_link_within_three_hops
bc59fe1dc07adf2e,slideworks_750,Deloitte - State of Georgia Department of Community Health 1115/1332 Waiver Consulting (2019),Deloitte,https://dch.georgia.gov/sites/dch.georgia.gov/files/related_files/document/Deloitte%20Oral%20Presentation-%20Redacted.pdf,,,access_restricted,http_403
240a7b45a6c0d242,slideworks_750,Deloitte - Response to Bhel's Appointment of ERP Consultant (date unknown),Deloitte,https://www.slideshare.net/slideshow/deloitte-bhel-rfp/90899431,,,unresolved,no_public_document_link_within_three_hops
fb77591ab7659f35,slideworks_750,Deloitte - Financial Markets Regulatory Outlook 2025 (2025),Deloitte,https://www.slideshare.net/slideshow/deloitte-uk-financial-services-regulatory-outlook-pdf/277578517,,,unresolved,no_public_document_link_within_three_hops
6094ad3f5f3a4186,slideworks_750,Deloitte - 2024 Gen Z and Millennial Survey (2024),Deloitte,https://www.slideshare.net/slideshow/deloitte-2024-genz-millennial-survey-pdf/269234628,,,unresolved,no_public_document_link_within_three_hops
8014c81e07a4f1e5,slideworks_750,Deloitte - 2023 Gen Z and Millennial Survey (2023),Deloitte,https://www.slideshare.net/slideshow/deloitte2023genzmillennialsurveypdf/259370644,,,unresolved,no_public_document_link_within_three_hops
7d3941fad8c9e0f9,slideworks_750,Deloitte - Deloitte Global 2023: LGBT+ Inclusion @ Work (2023),Deloitte,https://www.slideshare.net/slideshow/deloitte-2023-lgbt-at-work-presentation-pdf/271199083,,,unresolved,no_public_document_link_within_three_hops
c9c6cb78185df7ad,slideworks_750,Deloitte - Deloitte 2022 CxO Sustainability Report (2022),Deloitte,https://www.slideshare.net/slideshow/2022deloitteglobalcxosustainabilityreportpdf/260402428,,,unresolved,no_public_document_link_within_three_hops
b19fded6a3bd989d,slideworks_750,"Deloitte - Pillar 1 Solution – Global Tax Reform: Impacts, Opportunities and Challenges to Vietnam in the Digital Economy (2022)",Deloitte,https://www.slideshare.net/slideshow/5-engdeloitte-mof-digital-services-2pdf/257781194,,,unresolved,no_public_document_link_within_three_hops
c321d25c343f2927,slideworks_750,Deloitte - Chatpoints Point of View (2018),Deloitte,https://www.slideshare.net/slideshow/deloittenlchatbotsmovingbeyondthehypepdf/253211482,,,unresolved,no_public_document_link_within_three_hops
af3ed17ff1b1fcd0,slideworks_750,Deloitte - Digital Transformation (2018),Deloitte,https://static.carahsoft.com/concrete/files/1415/4152/8827/New_Jersey_Innovation_Day_Deloitte_Presentation.pdf,https://static.carahsoft.com/concrete/files/1415/4152/8827/New_Jersey_Innovation_Day_Deloitte_Presentation.pdf,dl_929dcbeb4622eeaf,downloaded,
b913e43368234689,slideworks_750,Deloitte - IAB report on Programmatic Advertising: The Netherlands (2018),Deloitte,https://www.slideshare.net/slideshow/iab-netherlands-deloitte-programmatic-advertising-2018-report/119494039,,,unresolved,no_public_document_link_within_three_hops
34b3acdf7615a8c1,slideworks_750,Deloitte - TMT Outlook 2017: A new wave of advances offer opportunities and challenges (2017),Deloitte,https://www.slideshare.net/slideshow/tmt-outlook-2017-a-new-wave-of-advances-offer-opportunities-and-challenges/71973412,,,unresolved,no_public_document_link_within_three_hops
8cf91eae89bc166b,slideworks_750,Deloitte - Surfing Tides of Retail Change: A Talent Perspective (2017),Deloitte,https://www.slideshare.net/slideshow/making-retail-a-preferred-employment-choice-in-the-digital-world-deloitte/72268611,,,unresolved,no_public_document_link_within_three_hops
b642ef5704c65bf7,slideworks_750,Deloitte - 2017 holiday survey: Retail in transition (2017),Deloitte,https://www.slideshare.net/slideshow/deloitte-holiday-survey/109485957,,,unresolved,no_public_document_link_within_three_hops
ed2847d527cfb21c,slideworks_750,Deloitte - Canberra Region SME Survey: An insight into the Canberra Region's SME Sector (2016),Deloitte,https://www.slideshare.net/slideshow/deloitte-canberra-region-sme-surveypdf/267241590,,,unresolved,no_public_document_link_within_three_hops
ff9c6a3da4da6d0b,slideworks_750,Deloitte - Annual Compensation & Benefits Trends Survey India FY 2015-16 (2015),Deloitte,https://www.slideshare.net/slideshow/in-hcdeloitteindiaannualcompensationtrendssurveyreportfy2016noexp/59628072,,,unresolved,no_public_document_link_within_three_hops
d591b15826623b6f,slideworks_750,Deloitte - Global Economic Outlook (2015),Deloitte,https://www.slideshare.net/slideshow/deloitte-global-economic-outlook-2015/50141475,,,unresolved,no_public_document_link_within_three_hops
9902d2f58b1a43a2,slideworks_750,Deloitte - Software as a Service (2008),Deloitte,https://www.slideshare.net/slideshow/deloitte-software-as-a-service-deloitte-seminar/3163490,,,unresolved,no_public_document_link_within_three_hops
4fd8329894c9cd40,slideworks_750,Deloitte - Approaching an Identity & Access Governance Project: IAM Methods 2.0 (2014),Deloitte,https://www.slideshare.net/slideshow/iam-methods-2-0-presentation-michael-nielsen/41345116,,,unresolved,no_public_document_link_within_three_hops
5e724fb11f01d329,slideworks_750,Deloitte - Process Mining Methodology and its application at Rabobank (2013),Deloitte,https://www.slideshare.net/slideshow/deloitte-a-framework-for-process-mining-projects/278737743,,,unresolved,no_public_document_link_within_three_hops
b44d819b2a3ebd0a,slideworks_750,Deloitte - Deloitte Consulting: Where Leaders Thrive - Human Capital (2013),Deloitte,https://www.slideshare.net/slideshow/deloitte-proseminar-presentation-09172013-26505773/26505773,,,unresolved,no_public_document_link_within_three_hops
4d21b2d60bd97d4e,slideworks_750,"Deloitte - Financial Modelling for Corporate Budgeting, Sensitivity & Scenario Analysis: Using Excel & VBA (2012)",Deloitte,https://www.slideshare.net/slideshow/deloitte-07-08-june-2012-presentation-material/48591930,,,unresolved,no_public_document_link_within_three_hops
fd86e35b3a71864f,slideworks_750,Deloitte - Who we are: Deloitte Canada Consulting (2012),Deloitte,https://www.slideshare.net/slideshow/deloitte-canada-consulting-practice/12801312,,,unresolved,no_public_document_link_within_three_hops
3bff463f5bb3fca5,slideworks_750,KPMG - 2024 U.S. CEO Outlook Pulse Survey (2024),KPMG,https://kpmg.com/kpmg-us/content/dam/kpmg/pdf/2024/kpmg-2024-us-ceo-outlook-pulse-survey.pdf,https://kpmg.com/kpmg-us/content/dam/kpmg/pdf/2024/kpmg-2024-us-ceo-outlook-pulse-survey.pdf,dl_25ffb9cd8ec417e6,downloaded,
021ec9e7efb7fddd,slideworks_750,KPMG - GenAI Survey – 2024 Key insights (2024),KPMG,https://kpmg.com/kpmg-us/content/dam/kpmg/pdf/2024/kpmg-genai-survey-august-2024.pdf,https://kpmg.com/kpmg-us/content/dam/kpmg/pdf/2024/kpmg-genai-survey-august-2024.pdf,dl_7264cc42abfa430f,downloaded,
1ab1ac598bfadace,slideworks_750,KPMG - AI in financial reporting and audit: Navigating the new era (2024),KPMG,https://assets.kpmg.com/content/dam/kpmgsites/xx/pdf/2024/04/ai-in-financial-reporting-and-audit-web.pdf.coredownload.inline.pdf,https://assets.kpmg.com/content/dam/kpmgsites/xx/pdf/2024/04/ai-in-financial-reporting-and-audit-web.pdf.coredownload.inline.pdf,,validation_failed,encrypted
3915981581c122da,slideworks_750,KPMG - KPMG global tech report 2024 (2024),KPMG,https://assets.kpmg.com/content/dam/kpmg/fi/pdf/2024/10/fi-global-tech-report-2024.pdf,,,dead_link,http_404
a58df3dde6383348,slideworks_750,KPMG - Venture Pulse Q3 2024 (2024),KPMG,https://kpmg.com/kpmg-us/content/dam/kpmg/pdf/2024/venture-pulse-q3-2024.pdf,https://kpmg.com/kpmg-us/content/dam/kpmg/pdf/2024/venture-pulse-q3-2024.pdf,,validation_failed,encrypted
230b70eec218b111,slideworks_750,KPMG - KPMG: Our Impact Plan 2024 update (2024),KPMG,https://assets.kpmg.com/content/dam/kpmg/xx/pdf/2024/03/our-impact-plan.pdf,https://assets.kpmg.com/content/dam/kpmg/xx/pdf/2024/03/our-impact-plan.pdf,,validation_failed,encrypted
6374d7704a1cd3cc,slideworks_750,KPMG - KPMG: Our Impact Plan (2023),KPMG,https://assets.kpmg.com/content/dam/kpmg/xx/pdf/2023/04/our-impact-plan.pdf,https://assets.kpmg.com/content/dam/kpmg/xx/pdf/2023/04/our-impact-plan.pdf,,validation_failed,encrypted
8dc8aa0ba251fe53,slideworks_750,KPMG - KPMG: Our Impact Plan 2022 update (2022),KPMG,https://assets.kpmg.com/content/dam/kpmg/xx/pdf/2022/03/our-impact-plan.pdf,https://assets.kpmg.com/content/dam/kpmg/xx/pdf/2022/03/our-impact-plan.pdf,,validation_failed,encrypted
5dfcaf53404e6d62,slideworks_750,KPMG - Familiar challenges – new approaches (2023),KPMG,https://assets.kpmg.com/content/dam/kpmg/xx/pdf/2023/06/familiar-challenges-new-solutions.pdf,https://assets.kpmg.com/content/dam/kpmg/xx/pdf/2023/06/familiar-challenges-new-solutions.pdf,,validation_failed,encrypted
6b04f75e69960835,slideworks_750,"KPMG - Big shifts, small steps Survey of Sustainability Reporting 2022 (2022)",KPMG,https://assets.kpmg.com/content/dam/kpmg/se/pdf/komm/2022/Global-Survey-of-Sustainability-Reporting-2022.pdf,,,dead_link,http_404
15039e8102b1b08e,slideworks_750,KPMG - Global Assignment Policies and Practices Survey (2022),KPMG,https://assets.kpmg.com/content/dam/kpmg/br/pdf/2022/3/Global_assignment.pdf,,,dead_link,http_404
f8939635a5480d81,slideworks_750,KPMG - KPMG global tech report 2022 (2022),KPMG,https://assets.kpmg.com/content/dam/kpmg/xx/pdf/2022/09/kpmg-global-tech-report-2022.pdf,https://assets.kpmg.com/content/dam/kpmg/xx/pdf/2022/09/kpmg-global-tech-report-2022.pdf,,validation_failed,encrypted
d5fccc8ad69ac91d,slideworks_750,KPMG - KPMG 2022 CEO Outlook (2022),KPMG,https://assets.kpmg.com/content/dam/kpmg/xx/pdf/2022/10/ceo-outlook-report.pdf,https://assets.kpmg.com/content/dam/kpmg/xx/pdf/2022/10/ceo-outlook-report.pdf,,validation_failed,encrypted
061eed68bfb44d5f,slideworks_750,KPMG - The 14th Five-Year Plan: Sector Impact Outlook (2021),KPMG,https://assets.kpmg.com/content/dam/kpmg/cn/pdf/en/2021/01/14th-five-year-plan-industry-impact-outlook.pdf,https://assets.kpmg.com/content/dam/kpmgsites/cn/pdf/en/2021/01/14th-five-year-plan-industry-impact-outlook.pdf,,validation_failed,encrypted
13b48be565b7b2d5,slideworks_750,KPMG - Pulse of Fintech H1’21 (2021),KPMG,https://assets.kpmg.com/content/dam/kpmg/xx/pdf/2021/08/pulse-of-fintech-h1.pdf,https://assets.kpmg.com/content/dam/kpmg/xx/pdf/2021/08/pulse-of-fintech-h1.pdf,,validation_failed,encrypted
3e44c6e522620e77,slideworks_750,KPMG - KPMG 2021 CEO Outlook (2021),KPMG,https://assets.kpmg.com/content/dam/kpmg/xx/pdf/2021/09/kpmg-2021-ceo-outlook.pdf,https://assets.kpmg.com/content/dam/kpmg/xx/pdf/2021/09/kpmg-2021-ceo-outlook.pdf,dl_66ef713f99858b72,downloaded,
54c4b4f81909189e,slideworks_750,KPMG - The time has come The KPMG Survey of Sustainability Reporting 2020 (2020),KPMG,https://assets.kpmg.com/content/dam/kpmg/be/pdf/2020/12/The_Time_Has_Come_KPMG_Survey_of_Sustainability_Reporting_2020.pdf,,,dead_link,http_404
57e3ea9b3729cb80,slideworks_750,KPMG - KPMG 2020 CEO Outlook: COVID-19 Special Edition (2020),KPMG,https://assets.kpmg.com/content/dam/kpmg/xx/pdf/2020/09/kpmg-2020-ceo-outlook.pdf,https://assets.kpmg.com/content/dam/kpmg/xx/pdf/2020/09/kpmg-2020-ceo-outlook.pdf,,validation_failed,encrypted
d3ab739879f35291,slideworks_750,KPMG - Agile Transformation From Agile experiments to operating model transformation: How do you compare to others? (2019),KPMG,https://assets.kpmg.com/content/dam/kpmg/be/pdf/2019/11/agile-transformation.pdf,,,dead_link,http_404
3c05e52a7d7c5d0b,slideworks_750,EY - Risk management in a time of transformation (2024),EY,https://www.ey.com/content/dam/ey-unified-site/ey-com/en-gl/insights/insurance/documents/ey-inaugural-ey-iif-global-insurance-risk-management-survey-march23.pdf,https://www.ey.com/content/dam/ey-unified-site/ey-com/en-gl/insights/insurance/documents/ey-inaugural-ey-iif-global-insurance-risk-management-survey-march23.pdf,dl_3fce7378cb264fe1,downloaded,
d8ebe38072fd2542,slideworks_750,EY - Generative AI in wealth and asset management (2024),EY,https://www.ey.com/content/dam/ey-unified-site/ey-com/en-gl/industries/wealth-asset-management/documents/ey-gl-genai-wam-survey-highlights-03-2024.pdf?download,https://www.ey.com/content/dam/ey-unified-site/ey-com/en-gl/industries/wealth-asset-management/documents/ey-gl-genai-wam-survey-highlights-03-2024.pdf?download,dl_de9253357ae50ff2,downloaded,
f185631b6e4c1b05,slideworks_750,EY - Generative AI in retail and commercial banking (2023),EY,https://www.ey.com/content/dam/ey-unified-site/ey-com/en-gl/insights/banking-capital-markets/documents/ey-generative-ai-in-retail-and-commercial-banking.pdf,https://www.ey.com/content/dam/ey-unified-site/ey-com/en-gl/insights/banking-capital-markets/documents/ey-generative-ai-in-retail-and-commercial-banking.pdf,dl_34830d1457272f2d,downloaded,
004578eccfc3b8e5,slideworks_750,EY - Can resilience shape a shifting landscape?: 2022 Global Alternative Fund Survey (2022),EY,https://www.ey.com/content/dam/ey-unified-site/ey-com/en-gl/insights/wealth-asset-management/documents/ey-2022-global-alternative-fund-survey.pdf,https://www.ey.com/content/dam/ey-unified-site/ey-com/en-gl/insights/wealth-asset-management/documents/ey-2022-global-alternative-fund-survey.pdf,dl_f99cc2af1964ab7f,downloaded,
32fa92847d8a0080,slideworks_750,EY - EY Price Point: global oil and gas market outlook (2022),EY,https://www.slideshare.net/slideshow/ey-price-point-global-oil-and-gas-market-outlook-251518110/251518110,,,unresolved,no_public_document_link_within_three_hops
8955801203ec3e5e,slideworks_750,EY - EY Infrastructure Barometer - Italy (2020),EY,https://media2-col.corriereobjects.it/pdf/2020/dataroom/EY-Italian-infrastructure-barometer.pdf,,,robots_disallowed,robots_disallowed
95b15168a7192a0f,slideworks_750,EY - IBOR transition: Opportunities and challenges for the asset management industry (2020),EY,https://www.slideshare.net/slideshow/ibor-transition-opportunities-and-challenges-for-the-asset-management-industry/231569244,,,unresolved,no_public_document_link_within_three_hops
673592e1b720f431,slideworks_750,EY - EY Academic Resource Center – mission (2019),EY,https://aaahq.org/portals/0/documents/segments/ias/2019/2019%20ias%20aaa%20eyarc%20analytics%20mindset.pdf?ver=2019-09-27-152844-587,https://aaahq.org/portals/0/documents/segments/ias/2019/2019%20ias%20aaa%20eyarc%20analytics%20mindset.pdf?ver=2019-09-27-152844-587,dl_8f2d69da19b704e5,downloaded,
eb458730e2873ba1,slideworks_750,EY - M&A - response or resilience? (2019),EY,https://www.slideshare.net/slideshow/global-capital-confidence-barometer-21st-edition/183093194,,,unresolved,no_public_document_link_within_three_hops
de5de625142d43be,slideworks_750,EY - Power transactions and trends (2019),EY,https://www.slideshare.net/slideshow/power-transactions-and-trends-q2-2019/163455558,,,unresolved,no_public_document_link_within_three_hops
0f0a4d3934cc5db5,slideworks_750,EY - When the human body is the biggest data platform who will capture the value (2018),EY,https://www.slideshare.net/slideshow/maps2018-keynote-address-on-ey-report-life-sciences-40-securing-value-through-datadriven-platforms/94337524,,,unresolved,no_public_document_link_within_three_hops
75c1aec0d82b74af,slideworks_750,EY - EY IFRS 9 Impairment Banking Survey (2018),EY,https://eyfs.ie/wp-content/uploads/2018/08/EY-IFRS-9-impairment-banking-survey-2018-FINAL.pdf,https://eyfs.ie/wp-content/uploads/2018/08/EY-IFRS-9-impairment-banking-survey-2018-FINAL.pdf,dl_1f9888da952fe1b9,downloaded,
6d2fdddfa7178232,slideworks_750,EY - EY study: Initial Coin Offerings (ICOs) The Class of 2017 – one year later (2018),EY,https://assets.ctfassets.net/sdlntm3tthp6/6PAzONkG9aIWoqScKEocW6/c835738849ad7fb9a22a3e59e48a05e9/ey-study-ico-research.pdf,,,robots_disallowed,robots_disallowed
f871e35b5d402727,slideworks_750,EY - Germany FinTech Landscape (2017),EY,https://www.slideshare.net/slideshow/ey-germany-fintech-landscape/80683427,,,unresolved,no_public_document_link_within_three_hops
5aaaa191aca1126a,slideworks_750,EY - European Banking Barometer – 2015 (2015),EY,https://eyfs.ie/wp-content/uploads/2015/03/European-Banking-Barometer-2015.pdf,https://eyfs.ie/wp-content/uploads/2015/03/European-Banking-Barometer-2015.pdf,dl_06998eb3469f551e,downloaded,
ae5e6ea0df5d1cd0,slideworks_750,EY - How fit is your capital allocation strategy? (2015),EY,https://www.slideshare.net/slideshow/how-fit-is-your-capital-allocation-strategy/54387344#24,,,unresolved,no_public_document_link_within_three_hops
d3c446bc2f31e042,slideworks_750,"PwC - Insurance reimagined: Spotlight on trust, convergence and transformation (2025)",PwC,https://www.pwc.com/gx/en/financial-services/fs-2025/pwc-insurance2025.pdf,https://www.pwc.com/gx/en/financial-services/fs-2025/pwc-insurance2025.pdf,dl_6994ba2477647506,downloaded,
798c7bed8e60706d,slideworks_750,PwC - 2024 TransAct Middle East (2024),PwC,https://www.pwc.com/m1/en/publications/images-new/transact/TransAct-2024.pdf,https://www.pwc.com/m1/en/publications/images-new/transact/TransAct-2024.pdf,dl_5f0b48f074e6605d,downloaded,
b76cb7d4339eb2a8,slideworks_750,PwC - Namibia National Budget 2024/25 For Our Humanity: Now's the time to work together (2024),PwC,https://www.pwc.com/na/en/assets/pdf/2024-budget-review-presentation.pdf,https://www.pwc.com/na/en/assets/pdf/2024-budget-review-presentation.pdf,dl_92553531ef789830,downloaded,
33f680443b137c04,slideworks_750,PwC - Decoding Instant Payments: The Emerging Markets’ Story (2023),PwC,https://download.pwc.com/mx/archivo/2023/202308-sistemas-de-pago-instantaneos.pdf,,,robots_disallowed,robots_disallowed
f529aeb779765675,slideworks_750,PwC - Dissecting the 2023/24 Annual Budget Speech (2023),PwC,https://www.pwc.com/na/en/assets/pdf/2023-budget-review-presentation.pdf,https://www.pwc.com/na/en/assets/pdf/2023-budget-review-presentation.pdf,dl_7ba21f70bcfe4662,downloaded,
6ce48fe6f29c11c0,slideworks_750,PwC - Global Top 100 companies - by market capitalisation (2023),PwC,https://www.pwc.com/gx/en/audit-services/publications/top100/pwc-global-top-100-companies-2023.pdf,https://www.pwc.com/gx/en/audit-services/publications/top100/pwc-global-top-100-companies-2023.pdf,dl_a7d73c5dc9010fb1,downloaded,
484b102ca948a838,slideworks_750,PwC - Global Entertainment & Media Outlook 2023-2027: Hong Kong summary (2023),PwC,https://www.pwchk.com/en/tmt/gemo-china-media-2023-2027.pdf,https://www.pwchk.com/en/tmt/gemo-china-media-2023-2027.pdf,,validation_failed,encrypted
715dd45eb891cd8e,slideworks_750,PwC - Global Consumer Insights Survey 2023: Middle East findings (2023),PwC,https://www.pwc.com/m1/en/publications/images-new/gcis-pulse-5-2023/global-consumer-insights-survey-2023-pulse-5-middle-east-findings.pdf,https://www.pwc.com/m1/en/publications/images-new/gcis-pulse-5-2023/global-consumer-insights-survey-2023-pulse-5-middle-east-findings.pdf,dl_873e5a6f12c5c786,downloaded,
ec0b931418f299d6,slideworks_750,PwC - Boardroom Agenda (2022),PwC,https://www.pwc.com/im/en/events/PwC-Boardroom-Agenda-event-2022-slides.pdf,https://www.pwc.com/im/en/events/PwC-Boardroom-Agenda-event-2022-slides.pdf,dl_6fcac9472b1150a1,downloaded,
4260ba234dada2e1,slideworks_750,PwC - Global Workforce Hopes and Fears Survey 2022 (2022),PwC,https://www.pwc.com/gx/en/hopes-and-fears/downloads/global-workforce-hopes-and-fears-survey-2022-v2.pdf,https://www.pwc.com/gx/en/hopes-and-fears/downloads/global-workforce-hopes-and-fears-survey-2022-v2.pdf,dl_3eae42ee5c32cf6c,downloaded,
969e390602d320eb,slideworks_750,PwC - Five global shifts reshaping the world we live in (2022),PwC,https://www.pwc.com/gx/en/issues/assets/pdf/pwc-megatrends-october-2022.pdf,https://www.pwc.com/gx/en/issues/assets/pdf/pwc-megatrends-october-2022.pdf,dl_36337523a9b95358,downloaded,
f201a0290986d5b6,slideworks_750,PwC - Merging with a SPAC & preparing for life as a public company (2021),PwC,https://www.mayerbrown.com/-/media/files/perspectives-events/events/2021/05/merging-w-a-spac-and-preparing-for-life-as-a-public-company-mb-pwc-2021.pdf,https://www.mayerbrown.com/-/media/files/perspectives-events/events/2021/05/merging-w-a-spac-and-preparing-for-life-as-a-public-company-mb-pwc-2021.pdf,dl_660aa3981af0898b,downloaded,
9ae822ca1f3f0c94,slideworks_750,PwC - e-mobility in India: Market paradigms and ways to play (2021),PwC,https://www.acma.in/uploads/docmanager/PwC_PoV_E%20Mobility%20in%20India%20_May_21.pdf,https://www.acma.in/uploads/docmanager/PwC_PoV_E%20Mobility%20in%20India%20_May_21.pdf,dl_d2d1535d9097ca66,downloaded,
88cdde7265ec5c5e,slideworks_750,PwC - Dissecting the 2021/22 Annual Budget Speech (2021),PwC,https://www.pwc.com/na/en/assets/pdf/2021-budget-review-presentation.pdf,https://www.pwc.com/na/en/assets/pdf/2021-budget-review-presentation.pdf,dl_976729b3b06965f8,downloaded,
c5927c9a7a0a530a,slideworks_750,PwC - PwC’s March 2021 Global Consumer Insights Pulse Survey (2021),PwC,https://www.pwc.com/gx/en/consumer-markets/consumer-insights-survey/2021/gcis-2021.pdf,https://www.pwc.com/gx/en/consumer-markets/consumer-insights-survey/2021/gcis-2021.pdf,dl_0c62266ab999bfef,downloaded,
814966044c7e81ff,slideworks_750,PwC - Global Entertainment & Media Outlook 2021-2025: Hong Kong summary (2021),PwC,https://www.pwchk.com/en/tmt/entertainment-and-media-outlook-2021-2025.pdf,,,dead_link,http_404
f0d4d8f643358f65,slideworks_750,PwC - Indonesia’s Sustainable Transformation (2021),PwC,https://www.pwc.com/id/en/publications/esg/indonesia-sustainable-transformation.pdf,https://www.pwc.com/id/en/publications/esg/indonesia-sustainable-transformation.pdf,dl_662cf4a8e4fa2f16,downloaded,
696c64691873b4a2,slideworks_750,PwC - Internet Advertising Revenue Report (2021),PwC,https://www.iab.com/wp-content/uploads/2021/04/IAB_2020-Internet-Advertising-Revenue-Report-Webinar_4.7.21-PwC-1.pdf,https://www.iab.com/wp-content/uploads/2021/04/IAB_2020-Internet-Advertising-Revenue-Report-Webinar_4.7.21-PwC-1.pdf,dl_6d0261861ac298e5,downloaded,
7f2209a9d7c64c05,slideworks_750,PwC - 23rd Annual Global CEO Survey: Navigating the rising tide of uncertainty (2020),PwC,https://www.pwc.com/ee/et/publications/pub/pwc-23rd-global-ceo-survey.pdf,https://www.pwc.com/ee/et/publications/pub/pwc-23rd-global-ceo-survey.pdf,dl_7eb8fd90cd43aed8,downloaded,
8312ccab77e7b90c,slideworks_750,PwC - CEO Panel Survey: How business can emerge stronger (2020),PwC,https://www.pwc.com/gx/en/ceo-agenda/ceo-panel-survey-emerge-stronger.pdf,https://www.pwc.com/gx/en/ceo-agenda/ceo-panel-survey-emerge-stronger.pdf,dl_b1634f6113658850,downloaded,
eef3ca05428f0e0b,slideworks_750,PwC - Copernicus: Market report (2019),PwC,https://www.copernicus.eu/sites/default/files/2019-02/PwC_Copernicus_Market_Report_2019_PDF_version.pdf,https://www.copernicus.eu/sites/default/files/2019-02/PwC_Copernicus_Market_Report_2019_PDF_version.pdf,dl_19a94ec26af62066,downloaded,
abbcc2f4a3c10907,slideworks_750,PwC - Crossing the lines: How fintech is propelling FS and TMT firms out of their lanes (2019),PwC,https://www.pwc.com/gx/en/industries/financial-services/assets/pwc-global-fintech-report-2019.pdf,https://www.pwc.com/gx/en/industries/financial-services/assets/pwc-global-fintech-report-2019.pdf,dl_4c06dc4362d923d4,downloaded,
7ca19eaa64ec4321,slideworks_750,"PwC - Crisis Preparedness as the next competitive advantage: Learning from 4,500 crises - PwC’s Global Crisis Survey 2019 (2019)",PwC,https://www.pwc.com/ee/et/publications/pub/pwc-global-crisis-survey-2019.pdf,https://www.pwc.com/ee/et/publications/pub/pwc-global-crisis-survey-2019.pdf,dl_c48e4c1add4a55d0,downloaded,
73386276eb76f3e8,slideworks_750,PwC - Namibia: Budget on a plate 2019/2020 (2019),PwC,https://www.pwc.com/na/en/assets/pdf/2019-budget-review-dinner-presentation.pdf,https://www.pwc.com/na/en/assets/pdf/2019-budget-review-dinner-presentation.pdf,dl_8f87797bc9a564c0,downloaded,
09da6d1972a06f94,slideworks_750,PwC - 2019 Global Treasury Benchmarking Survey (2019),PwC,https://www.pwc.com/sk/en/assets/PDFs/2019-pwc-global-treasury-benchmarking-survey.pdf,https://www.pwc.com/sk/en/assets/PDFs/2019-pwc-global-treasury-benchmarking-survey.pdf,,validation_failed,encrypted
f09727f2f32ac883,slideworks_750,PwC - 2019 State of the Internal Audit Profession Study (2019),PwC,https://www.pwc.com/co/es/advisory/auditoria-interna/state-of-the-internal-audit-profession-study-colombia.pdf,https://www.pwc.com/co/es/advisory/auditoria-interna/state-of-the-internal-audit-profession-study-colombia.pdf,dl_8ff8882923596761,downloaded,
ec4ebd2bf1de5ce7,slideworks_750,PwC - From promise to reality: Does business really care about the SDGs? (2018),PwC,https://www.pwc.com/gx/en/sustainability/SDG/sdg-reporting-2018.pdf,https://www.pwc.com/gx/en/sustainability/SDG/sdg-reporting-2018.pdf,dl_a6c4f2b313548178,downloaded,
baf1743b1ef17cc8,slideworks_750,PwC - PwC Annual Report (2018),PwC,https://www.pwc.nl/nl/assets/documents/pwc-annual-report-2017-2018.pdf,https://www.pwc.nl/nl/assets/documents/pwc-annual-report-2017-2018.pdf,dl_25e43ccd1b740a54,downloaded,
b5764d9f9ddd44e0,slideworks_750,PwC - PwC Global Family Business Survey 2018 (2018),PwC,https://www.pwc.com/gx/en/family-business-services/assets/pwc-global-family-business-survey-2018.pdf,https://www.pwc.com/gx/en/family-business-services/assets/pwc-global-family-business-survey-2018.pdf,dl_debf8e3abf41f679,downloaded,
e171b5bbdeef17f9,slideworks_750,PwC - 21st CEO Survey: The Anxious Optimist in the Corner Office (2018),PwC,https://www.pwc.com/gx/en/ceo-survey/2018/pwc-ceo-survey-report-2018.pdf,https://www.pwc.com/gx/en/ceo-survey/2018/pwc-ceo-survey-report-2018.pdf,dl_7bec927f37e7a4a9,downloaded,
f7a78fdd25c618f5,slideworks_750,PwC - IAB Podcast Ad Revenue Study: An Analysis of the Largest Players in the Podcasting Industry (2017),PwC,https://www.iab.com/wp-content/uploads/2017/06/PwC_IAB-Podcast-Advertising-Study_FY2016_Final.pdf,https://www.iab.com/wp-content/uploads/2017/06/PwC_IAB-Podcast-Advertising-Study_FY2016_Final.pdf,dl_ab06100eed1066ee,downloaded,
c1374d74b386e5ce,slideworks_750,PwC - Blurred lines: How FinTech is shaping Financial Services (2016),PwC,https://www.pwc.com/gr/en/publications/blurred-lines-how-fintech-is-shaping-financial-services.pdf,https://www.pwc.com/gr/en/publications/blurred-lines-how-fintech-is-shaping-financial-services.pdf,dl_ed46704fc443c870,downloaded,
ff756a59cde0b8ed,slideworks_750,PwC - Customers in the spotlight: How FinTech is reshaping banking (2016),PwC,https://www.pwc.com/jg/en/publications/fin-tech-banking-2016.pdf,https://www.pwc.com/jg/en/publications/fin-tech-banking-2016.pdf,dl_7d4ef885bed45743,downloaded,
f358810b1da03f36,slideworks_750,PwC - Apache Hadoop Summit 2016: The Future of Apache Hadoop an Enterprise Architecture View (2016),PwC,https://www.slideshare.net/slideshow/apache-hadoop-summit-2016-the-future-of-apache-hadoop-an-enterprise-architecture-view/63743984,,,unresolved,no_public_document_link_within_three_hops
193cf8028e7fc250,slideworks_750,PwC - 18th Annual Global CEO Survey (2015),PwC,https://www.slideshare.net/slideshow/18th-annual-global-ceo-survey-technology-industry-key-findings/46327052,,,unresolved,no_public_document_link_within_three_hops
3505cfde998983bf,slideworks_750,Strategy& - Nigeria (Bi-monthly) Economic Outlook (2023),Strategy&,https://www.strategyand.pwc.com/a1/en/assets/pdf/ng-economic-outlook/nigeria-economic-outlook-october-2023-v1.pdf,https://www.strategyand.pwc.com/a1/en/assets/pdf/ng-economic-outlook/nigeria-economic-outlook-october-2023-v1.pdf,dl_b7a017e5ed12b68b,downloaded,
55b0aa1ef717750a,slideworks_750,Strategy& - Electric Vehicle Sales Review Q4 2022 (2023),Strategy&,https://www.strategyand.pwc.com/tr/tr/pdf/electric-vehicle-sales-review-q4-2022.pdf,https://www.strategyand.pwc.com/tr/tr/pdf/electric-vehicle-sales-review-q4-2022.pdf,dl_9fc8242840f3a97a,downloaded,
83bda8dc1686daa9,slideworks_750,Strategy& - eReadiness 2023 Survey Report (2023),Strategy&,https://www.strategyand.pwc.com/it/en/assets/pdf/ereadiness-study-2023.pdf,https://www.strategyand.pwc.com/it/en/assets/pdf/ereadiness-study-2023.pdf,dl_23afe5d6a23befea,downloaded,
6c5f35d77e7fbd71,slideworks_750,Strategy& - Digital Auto Report 2023 (2023),Strategy&,https://www.strategyand.pwc.com/tr/tr/pdf/digital-auto-report-2023.pdf,https://www.strategyand.pwc.com/tr/tr/pdf/digital-auto-report-2023.pdf,dl_5335cc9cb67fa906,downloaded,
a5cfe16fb9d8bd0f,slideworks_750,Strategy& - 6 th ICO / STO Report: A Strategic Perspective (2020),Strategy&,https://www.pwc.ch/en/publications/2020/Strategy&_ICO_STO_Study_Version_Spring_2020.pdf,https://www.pwc.ch/en/publications/2020/Strategy&_ICO_STO_Study_Version_Spring_2020.pdf,dl_f2f1ad0e9315b521,downloaded,
e50e19640d038533,slideworks_750,Accenture - 2023 Post & Parcel industry trends (2023),Accenture,https://www.accenture.com/content/dam/accenture/final/accenture-com/document/Accenture-PostalResearch-2023-for-com.pdf,https://www.accenture.com/content/dam/accenture/final/accenture-com/document/Accenture-PostalResearch-2023-for-com.pdf,dl_df04ac5e2c64cba8,downloaded,
1bd213043d338579,slideworks_750,Accenture - Cracking the Code on Consumer Fraud (2022),Accenture,https://www.slideshare.net/slideshow/cracking-the-code-on-consumer-fraud-accenture-251328708/251328708,,,unresolved,no_public_document_link_within_three_hops
f097070a0c91a7cb,slideworks_750,Accenture - Accelerating global companies toward net zero by 2050 (2022),Accenture,https://www.accenture.com/content/dam/accenture/final/capabilities/strategy-and-consulting/strategy/document/Accenture-Net-Zero-By-2050-Global-Report-2022.pdf,https://www.accenture.com/content/dam/accenture/final/capabilities/strategy-and-consulting/strategy/document/Accenture-Net-Zero-By-2050-Global-Report-2022.pdf,dl_3fdb178251427be1,downloaded,
23a1f0b8d50a8faa,slideworks_750,Accenture - Accenture Investor & Analyst Conference (2022),Accenture,https://investor.accenture.com/~/media/Files/A/Accenture-IR-V3/events-and-presentations/accenture-investor-and-analyst-conference-cfo-slides.pdf,https://investor.accenture.com/~/media/Files/A/Accenture-IR-V3/events-and-presentations/accenture-investor-and-analyst-conference-cfo-slides.pdf,dl_331ef1c71d8ac8ea,downloaded,
52e1634df6465aec,slideworks_750,Accenture - Five Trends for Post-Pandemic Leadership (2021),Accenture,https://www.slideshare.net/slideshow/federal-technology-vision-2021-full-us-federal-survey-findings-accenture/250045661,,,unresolved,no_public_document_link_within_three_hops
d28878aee3855587,slideworks_750,Accenture - Accenture Consumer Behavior Research: The value shake-up (2021),Accenture,https://www.slideshare.net/slideshow/accenture-consumer-behavior-research-the-value-shakeup/249995730,,,unresolved,no_public_document_link_within_three_hops
06a7a4d684004c5a,slideworks_750,Accenture - The nbn effect: How the nbn network adds value to our lives (2021),Accenture,https://www.nbnco.com.au/content/dam/nbn/documents/media-centre/media-statements/2021/accenture-consumer-value-report-2021.pdf.coredownload.pdf,,,robots_disallowed,robots_disallowed
147afc8ac348792f,slideworks_750,Accenture - 2021 P&C Underwriting Survey (2021),Accenture,https://riskandinsurance.com/wp-content/uploads/2021/12/TI-Accenture_PC_Underwriter_Survey-_vf.pdf,https://riskandinsurance.com/wp-content/uploads/2021/12/TI-Accenture_PC_Underwriter_Survey-_vf.pdf,dl_94e74cd9448589bb,downloaded,
b31eacf8135ba0c6,slideworks_750,Accenture - 2019 Accenture Global Financial Services Consumer Study (2019),Accenture,https://bankingblog.accenture.com/wp-content/uploads/2019/05/Accenture_Financial-Services_Consumer-Study_2019_DACH.pdf,https://bankingblog.accenture.com/wp-content/uploads/2019/05/Accenture_Financial-Services_Consumer-Study_2019_DACH.pdf,dl_285fede37bc8af68,downloaded,
f9315c757632cfd7,slideworks_750,Accenture - The Moneyball Moment for Marketing in Canada (2019),Accenture,https://thinktv.ca/wp-content/uploads/2019/03/Accenture-Presentation-Feb-25.pdf,https://thinktv.ca/wp-content/uploads/2019/03/Accenture-Presentation-Feb-25.pdf,dl_60a6718a6e012657,downloaded,
7f8e64daa2953c7f,slideworks_750,Accenture - Fueling the Energy Future (2019),Accenture,https://www.slideshare.net/slideshow/fueling-the-energy-future/205493015,,,unresolved,no_public_document_link_within_three_hops
bfaa9db507149446,slideworks_750,"Accenture - Fintech New York: Partnerships, Platforms and Open Innovation (2015)",Accenture,https://www.slideshare.net/slideshow/fintech-new-york-partnerships-platforms-and-open-innovation/53824053,,,unresolved,no_public_document_link_within_three_hops
5aa246bfa18c3a96,slideworks_750,L.E.K. - 2023 APAC Hospital Insights Survey Findings for Healthcare Providers: Summary materials (2023),L.E.K.,https://www.lek.com/sites/default/files/PDFs/hsp-SEA-hcs_v2.pdf,https://www.lek.com/sites/default/files/PDFs/hsp-SEA-hcs_v2.pdf,dl_6172d62524bd62d8,downloaded,
6b336b4854440d7f,slideworks_750,L.E.K. - 2023 Manufacturing Survey: Executive Summary (2023),L.E.K.,https://www.lek.com/sites/default/files/PDFs/IIC_US%20Manufacturing_Trends_Strategies_2023.pdf,https://www.lek.com/sites/default/files/PDFs/IIC_US%20Manufacturing_Trends_Strategies_2023.pdf,dl_07c0832ca6395587,downloaded,
05f2adf0ab1c7641,slideworks_750,L.E.K. - 2022 Manufacturing Survey: Executive Summary (2022),L.E.K.,https://www.lek.com/sites/default/files/PDFs/priorities-manufacturing.pdf,https://www.lek.com/sites/default/files/PDFs/priorities-manufacturing.pdf,dl_5df9c86d0f432fa3,downloaded,
4c495b5ba79d6787,slideworks_750,L.E.K. - 2018 Manufacturing Priorities Survey (2018),L.E.K.,https://www.lek.com/sites/default/files/insights/pdf-attachments/Manufacturing-2018-Survey.pdf,https://www.lek.com/sites/default/files/insights/pdf-attachments/Manufacturing-2018-Survey.pdf,dl_50b3b12af8dc5947,downloaded,
d07ac8f44b36dbb2,slideworks_750,L.E.K. - China Exit or Co-Investment Opportunities for German PE Investors (2015),L.E.K.,https://www.slideshare.net/slideshow/pr-l-e-k-china-co-investment-and-exit-opportunitiesvfv2/28677979,,,unresolved,no_public_document_link_within_three_hops
ee999f8ee0687448,slideworks_mckinsey,McKinsey - Roadmap Document – SAIL Digital Transformation | BSL - Discussion document (2025),McKinsey,https://www.scribd.com/document/944287445/BSL-Roadmap-Document,,,unresolved,no_public_document_link_within_three_hops
5f8f8e9c5ab2eac2,slideworks_mckinsey,McKinsey - The Future of Trash: Waste Containerization Models and Viability in New York City (2023),McKinsey,https://dsny.cityofnewyork.us/wp-content/uploads/reports/future-of-trash.pdf,,,robots_disallowed,robots_disallowed
5b6aae4b3e798588,slideworks_mckinsey,McKinsey - MTA: Financial Impact Assessment on 2020 Revenue of COVID-19 (2020),McKinsey,https://new.mta.info/document/16951,https://www.mta.info/document/16951,,validation_failed,encrypted
32d357b936f0f9c8,slideworks_mckinsey,McKinsey - COVID-19 Business Recovery: Council Report (2020),McKinsey,https://council.vancouver.ca/20201103/documents/p2presentation-consultant.pdf,,,robots_disallowed,robots_disallowed
9853a4df2972bf65,slideworks_mckinsey,McKinsey - Chilean Hydrogen Pathway: Final report (2020),McKinsey,https://energia.gob.cl/sites/default/files/estudio_base_para_la_elaboracion_de_la_estrategia_nacional_para_el_desarrollo_de_hidrogeno_verde_en_chile.pdf,,,robots_disallowed,robots_disallowed
47709c53ecb31f09,slideworks_mckinsey,McKinsey - Transportation and Warehousing Sector Analysis (2020),McKinsey,https://www.federalcitycouncil.org/wp-content/uploads/2020/12/McKinsey_Transportation.pdf,https://www.federalcitycouncil.org/wp-content/uploads/2020/12/McKinsey_Transportation.pdf,dl_26b116c1f5676925,downloaded,
2ec221b214a744e2,slideworks_mckinsey,McKinsey - Building a Best-in-Class DOT (2019),McKinsey,https://www.ncdot.gov/about-us/how-we-operate/finance-budget/Documents/mckinsey-ncdot-review-presentation.pdf,,,dead_link,http_404
ffa6a719dd3ed199,slideworks_mckinsey,McKinsey - Future of Work Tripartite Forum: Evidence base on the Future of Work (2019),McKinsey,https://www.treasury.govt.nz/sites/default/files/2019-04/fowtf-evidence-base-4080406.PDF,https://www.treasury.govt.nz/sites/default/files/2019-04/fowtf-evidence-base-4080406.PDF,dl_ebd2a5ae2aa46244,downloaded,
82de85f66a98e889,slideworks_mckinsey,McKinsey - Customs and Border Protection: Full strategy project (2018),McKinsey,https://embed.documentcloud.org/documents/6560164-McK-CBP-Project-Documents,https://s3.documentcloud.org/documents/6560164/McK-CBP-Project-Documents.pdf,dl_3f9915b607b47d78,downloaded,
49737e4e408d8046,slideworks_mckinsey,McKinsey - University of Arizona 2018 Strategic Plan (2018),McKinsey,https://ofr.azregents.edu/wp-content/uploads/2018/11/UA_Strategic_Plan_2018.pdf,,,robots_disallowed,robots_disallowed
9b057e502cca65bb,slideworks_mckinsey,McKinsey - Lebanon Economic Vision - Full Report (2018),McKinsey,https://www.economy.gov.lb/media/11893/20181022-1228full-report-en.pdf,,,robots_disallowed,robots_disallowed
e1a4ee757280d913,slideworks_mckinsey,McKinsey - King County and Seattle Homelessness - Some Facts: Final report (2017),McKinsey,https://www.alexanderjarvis.com/mckinsey-king-county-and-seattle-homelessness-some-facts/,,,unresolved,no_public_document_link_within_three_hops
369fb6e987d10e87,slideworks_mckinsey,McKinsey - Purdue: High impact interventions to rapidly address market access challenges (2017),McKinsey,https://s3.documentcloud.org/documents/20421781/mckinsey-docs.pdf,https://s3.documentcloud.org/documents/20421781/mckinsey-docs.pdf,dl_ca564ca4bf34b204,downloaded,
9fd457da9d277d2c,slideworks_mckinsey,McKinsey - WMATA: Financial management and operational effectiveness - Board readout (2016),McKinsey,https://www.scribd.com/document/308366738/WMATA-Report-by-McKinsey-Company?_gl=1*1am8eup*_up*MQ..*_ga*ODcxNzIwNDMuMTc3NDI3MTA1NQ..*_ga_Z4ZC50DED6*czE3NzQyNzEwNTMkbzEkZzAkdDE3NzQyNzEwNTMkajYwJGwwJGgw*_ga_8KZ8BV0P5W*czE3NzQyNzEwNTQkbzEkZzAkdDE3NzQyNzEwNTQkajYwJGwwJGgw,,,unresolved,no_public_document_link_within_three_hops
de803fd846f46592,slideworks_mckinsey,McKinsey - Forsyningssektorens effektiviseringspotentiale (2016) [IN DANISH],McKinsey,https://ens.dk/forsyning-og-forbrug/forsyning-paa-tvaers,,,unresolved,no_public_document_link_within_three_hops
d1a8e43abcdc54a1,slideworks_mckinsey,McKinsey - Refueling the innovation engine in vaccines (2016),McKinsey,https://www.hhs.gov/sites/default/files/Azimi_McKinsey_Vaccine_Innovation_Findings-remediated.pdf,https://www.hhs.gov/sites/default/files/Azimi_McKinsey_Vaccine_Innovation_Findings-remediated.pdf,dl_9f83e2208d79a6c4,downloaded,
8d6fed194b5afddb,slideworks_mckinsey,McKinsey - Armenia2020 updated (2015),McKinsey,https://www.scribd.com/document/490364641/Armenia-2020,,,unresolved,no_public_document_link_within_three_hops
094307d40952d6e4,slideworks_mckinsey,"McKinsey - Modelling the potential of digitally-enabled processes, transparency and participation in the NHS (2014)",McKinsey,https://www.alexanderjarvis.com/mckinsey-modelling-the-potential-of-digitally-enabled-processes-transparency-and-participation-in-the-nhs/,,,unresolved,no_public_document_link_within_three_hops
f433b93da6f5937d,slideworks_mckinsey,McKinsey - Capturing the full electricity efficiency potential of the U.K. (2012),McKinsey,https://assets.publishing.service.gov.uk/media/5a78a166e5274a277e68e3be/7035-capturing-full-elec-eff-potential-edr.pdf,,,robots_disallowed,robots_disallowed
928dc1d608554727,slideworks_mckinsey,McKinsey - USPS: Retail channel strategy (2012),McKinsey,https://www.scribd.com/document/797634062/USPS-Retail-Channel-Strategy,,,unresolved,no_public_document_link_within_three_hops
36d4cffae1870a34,slideworks_mckinsey,McKinsey - Kimberly-Clark: Capturing the digital opportunity - Kickoff document (2011),McKinsey,https://www.scribd.com/presentation/329608109/111102-Kickoff-Document-v5?_gl=1*1kenfoj*_up*MQ..*_ga*MjEzODY3MDI2Ny4xNzc0MjcxMTM2*_ga_Z4ZC50DED6*czE3NzQyNzExMzUkbzEkZzAkdDE3NzQyNzExMzUkajYwJGwwJGgw*_ga_8KZ8BV0P5W*czE3NzQyNzExMzUkbzEkZzAkdDE3NzQyNzExMzUkajYwJGwwJGgw,,,unresolved,no_public_document_link_within_three_hops
7bf98313dbe1a1d8,slideworks_mckinsey,McKinsey - Accion: Strategic Lending Plan - Final document (2011),McKinsey,https://www.scribd.com/document/412216857/Strategic-Planning?_gl=1*7hxg2i*_up*MQ..*_ga*OTAyMzY4MjQ5LjE3NzQyNzExMTA.*_ga_Z4ZC50DED6*czE3NzQyNzExMDgkbzEkZzAkdDE3NzQyNzExMDgkajYwJGwwJGgw*_ga_8KZ8BV0P5W*czE3NzQyNzExMDkkbzEkZzAkdDE3NzQyNzExMDkkajYwJGwwJGgw,,,unresolved,no_public_document_link_within_three_hops
98840b4fb7a25655,slideworks_mckinsey,"McKinsey - Columbia University: Administrative, Organizational, and Financial Review of Arts & Sciences - Project Summary (2011)",McKinsey,https://www.scribd.com/document/88994166/McKinsey-Project-Summary-Columbia-Arts-Sciences-Review,,,unresolved,no_public_document_link_within_three_hops
7c72e29c459667b6,slideworks_mckinsey,McKinsey - McKinsey core beliefs on how quality journeys: Discussion document (2010),McKinsey,https://www.scribd.com/document/44370640/Quality-McK-Core-Beliefs,,,unresolved,no_public_document_link_within_three_hops
2fe558165b4994c1,slideworks_mckinsey,McKinsey - USPS: Selected slides (2010),McKinsey,https://about.usps.com/future-postal-service/mckinsey-selected-slides.pdf,https://about.usps.com/future-postal-service/mckinsey-selected-slides.pdf,dl_6e74fd854225ae5c,downloaded,
b7d004e3a191cf8b,slideworks_mckinsey,McKinsey - USPS: Envisioning America’s Future Postal Service - Options for a Changing Environment (2010),McKinsey,https://about.usps.com/future-postal-service/mckinsey-march-2nd-presentation2.pdf,https://about.usps.com/future-postal-service/mckinsey-march-2nd-presentation2.pdf,dl_690e175531f5c78c,downloaded,
dbf6b6e0b294f57a,slideworks_mckinsey,McKinsey - USPS: Future Business Model (2010),McKinsey,https://www.alexanderjarvis.com/mckinsey-usps-future-business-model/,,,unresolved,no_public_document_link_within_three_hops
85600bbc515be27a,slideworks_mckinsey,McKinsey - Mainports 2040: Input for exploration phase ‘long-term vision Mainports’ (2009),McKinsey,https://www.scribd.com/document/213172243/Mck-Mainports-2040-Final-Report?_gl=1*deu6g*_up*MQ..*_ga*MTQxOTQyMzc1NS4xNzc5ODAzMjk1*_ga_Z4ZC50DED6*czE3Nzk4MDMyOTQkbzEkZzEkdDE3Nzk4MDMyOTQkajYwJGwwJGgw*_ga_8KZ8BV0P5W*czE3Nzk4MDMyOTQkbzEkZzEkdDE3Nzk4MDMyOTQkajYwJGwwJGgw,,,unresolved,no_public_document_link_within_three_hops
ba4c293ceacd83d5,slideworks_mckinsey,McKinsey - Helping Global Health Partnerships to increase their impact: Stop TB Partnership (2009),McKinsey,https://www.stoptb.org/sites/default/files/imported/document/BoardDocs/17/2.09-03_Strengthening_Performance_Management_in_the_Partnership/2.09-03.1_Helping_Global_Health_Partnerships_to_Increase_their_Impact_0.pdf,,,robots_disallowed,robots_disallowed
6f428c8fa61f8e32,slideworks_mckinsey,McKinsey - The State of Organizations (2026),McKinsey,https://www.mckinsey.com/~/media/mckinsey/business%20functions/people%20and%20organizational%20performance/our%20insights/the%20state%20of%20organizations/2026/the-state-of-organizations-2026.pdf,https://www.mckinsey.com/~/media/mckinsey/business%20functions/people%20and%20organizational%20performance/our%20insights/the%20state%20of%20organizations/2026/the-state-of-organizations-2026.pdf,dl_0e9ae5e519158ff7,downloaded,
a2cc89c2f64c9137,slideworks_mckinsey,McKinsey - The State of Fashion 2026 (2025),McKinsey,https://www.mckinsey.com/~/media/mckinsey/industries/retail/our%20insights/state%20of%20fashion/2026/the-state-of-fashion-2026-vf.pdf,https://www.mckinsey.com/~/media/mckinsey/industries/retail/our%20insights/state%20of%20fashion/2026/the-state-of-fashion-2026-vf.pdf,dl_70cd060e3cb2d8a4,downloaded,
987809a19221386a,slideworks_mckinsey,McKinsey - Building the bridge to global innovation (2025),McKinsey,https://www.scribd.com/document/950723092/2025-BioCentury-China-Healthcare-Summit-McKinsey-Report-on-China-Innovation-VF,,,unresolved,no_public_document_link_within_three_hops
040f9fff0fd58f03,slideworks_mckinsey,McKinsey- Grocery profitability outlook - Europe - CxO document (2025),McKinsey,https://www.scribd.com/document/874355411/McKinsey-Grocery-Profitability-Outlook-Europe,,,unresolved,no_public_document_link_within_three_hops
8fbf7c7b918e6127,slideworks_mckinsey,McKinsey - Emerging Generative AI Use Cases in Credit - Research results (2025),McKinsey,https://iacpm.org/wp-content/uploads/2025/03/IACPM-McKinsey-Gen-AI-Webinar-2025.pdf,https://iacpm.org/wp-content/uploads/2025/03/IACPM-McKinsey-Gen-AI-Webinar-2025.pdf,dl_efacf891362645ca,downloaded,
5375441b9809afd6,slideworks_mckinsey,McKinsey - Development in the Future of Work: 2025 Perspective on Evolving Trends in L&D (2025),McKinsey,https://www.mckinsey.com/~/media/mckinsey/featured%20insights/people%20in%20progress%20blog/learning%20trends%202025/2025_mckinsey%20learning%20perspective.pdf,https://www.mckinsey.com/~/media/mckinsey/featured%20insights/people%20in%20progress%20blog/learning%20trends%202025/2025_mckinsey%20learning%20perspective.pdf,dl_d70bedec640b9be8,downloaded,
4c86c1792174bcfe,slideworks_mckinsey,McKinsey - Global Materials Perspective 2025 (2025),McKinsey,https://www.slideshare.net/slideshow/mckinsey-global-materials-perspective-2025/285238778#2,,,unresolved,no_public_document_link_within_three_hops
e8fb057ac1349d36,slideworks_mckinsey,McKinsey - GenAI at the Edge: Overview & Outlook (2024),McKinsey,https://www.scribd.com/document/874243652/McKinsey-on-GenAI-at-the-Edge-Overview-Outlook,,,unresolved,no_public_document_link_within_three_hops
efb9e18e2c1d3d83,slideworks_mckinsey,McKinsey - Global Economics Intelligence: Global Summary Report (2024),McKinsey,https://www.mckinsey.com/~/media/mckinsey/business%20functions/strategy%20and%20corporate%20finance/our%20insights/global%20economics%20intelligence%20executive%20summary%20february%202024/gei-global-summary-february-2024.pdf?shouldindex=false,https://www.mckinsey.com/~/media/mckinsey/business%20functions/strategy%20and%20corporate%20finance/our%20insights/global%20economics%20intelligence%20executive%20summary%20february%202024/gei-global-summary-february-2024.pdf?shouldindex=false,dl_5ae3432e9edd1744,downloaded,
0f8e53fc63728c26,slideworks_mckinsey,McKinsey - Overcoming the European Tech IPO Challenge - Leveraging Europe's Innovation Capabilities (2024),McKinsey,https://www.scribd.com/document/957929454/European-Tech-IPO-landscape,,,unresolved,no_public_document_link_within_three_hops
1a13db9ddcfcb0b9,slideworks_mckinsey,McKinsey - Hydrogen Insights 2024 (2024),McKinsey,https://www.scribd.com/document/775456832/Hydrogen-Insights-2024,,,unresolved,no_public_document_link_within_three_hops
b0be81fea30712a0,slideworks_mckinsey,McKinsey - Global Energy Perspective 2023: Executive Summary (2023),McKinsey,https://www.slideshare.net/slideshow/mckinsey-global-energy-perspective-2023_11-pdf/281811254#1,,,unresolved,no_public_document_link_within_three_hops
d0e0a306d2f8c62d,slideworks_mckinsey,McKinsey - Global Banking Annual Review 2023: Figures from the Nordics (2023),McKinsey,https://www.mckinsey.com/fi/~/media/mckinsey/locations/europe%20and%20middle%20east/finland/news/banking%20review_nordic%20and%20finnish%20figures.pdf,https://www.mckinsey.com/fi/~/media/mckinsey/locations/europe%20and%20middle%20east/finland/news/banking%20review_nordic%20and%20finnish%20figures.pdf,dl_0d7e011ff06be10e,downloaded,
4146c6fbc461def0,slideworks_mckinsey,"McKinsey - US Credit Card Issuer Performance, 1Q 2023 (2023)",McKinsey,https://www.mckinsey.com/Authenticated/~/media/clientlink/us%20credit%20card%20issuer%20performance%201q%202023/1q%202023%20us%20credit%20card%20issuer%20performance_vf.pdf,https://www.mckinsey.com/Authenticated/~/media/clientlink/us%20credit%20card%20issuer%20performance%201q%202023/1q%202023%20us%20credit%20card%20issuer%20performance_vf.pdf,dl_d22d21f6e951cfaf,downloaded,
ed38816689b647d8,slideworks_mckinsey,McKinsey - Effects of GenAI on the German labor market: An opportunity to mitigate skilled labor shortages (2023),McKinsey,https://www.mckinsey.com/de/~/media/mckinsey/locations/europe%20and%20middle%20east/deutschland/news/presse/2023/2023-11-24%20genai%20implikationen%20deutschlands%20arbeitsmarkt/en_mckinsey_genai_implications_germany_labor_market.pdf,https://www.mckinsey.com/de/~/media/mckinsey/locations/europe%20and%20middle%20east/deutschland/news/presse/2023/2023-11-24%20genai%20implikationen%20deutschlands%20arbeitsmarkt/en_mckinsey_genai_implications_germany_labor_market.pdf,dl_9cfba37f1863b0d4,downloaded,
c16825e46d428078,slideworks_mckinsey,McKinsey - The economic potential of Generative AI in Norway - The next productivity frontier (2023),McKinsey,https://www.mckinsey.com/no/~/media/mckinsey/locations/europe%20and%20middle%20east/norway/newsroom/genai%20kan%20bidra%20til%20at%20halvparten%20av%20alle%20arbeidsoppgaver/genai%20in%20norway_eng_version_v2.pdf,https://www.mckinsey.com/no/~/media/mckinsey/locations/europe%20and%20middle%20east/norway/newsroom/genai%20kan%20bidra%20til%20at%20halvparten%20av%20alle%20arbeidsoppgaver/genai%20in%20norway_eng_version_v2.pdf,dl_f7a6d266f84c64a5,downloaded,
476bba718b224fc8,slideworks_mckinsey,McKinsey - The age of Generative AI: Unveiling the next frontier of digital procurement (2023),McKinsey,https://www.scribd.com/document/719665342/The-age-of-gen-AI-Unveiling-the-next-frontier-of-digital-procurement-McKinsey-Talks-Operations,,,unresolved,http_410
a42a141ea8af2dd1,slideworks_mckinsey,McKinsey - Quantum Technology Monitor (2023),McKinsey,https://www.mckinsey.com/~/media/mckinsey/business%20functions/mckinsey%20digital/our%20insights/quantum%20technology%20sees%20record%20investments%20progress%20on%20talent%20gap/quantum-technology-monitor-april-2023.pdf,https://www.mckinsey.com/~/media/mckinsey/business%20functions/mckinsey%20digital/our%20insights/quantum%20technology%20sees%20record%20investments%20progress%20on%20talent%20gap/quantum-technology-monitor-april-2023.pdf,dl_d53f5ae618b18010,downloaded,
77d7aafd8459743e,slideworks_mckinsey,McKinsey - The State of Fashion 2024 (2023),McKinsey,https://www.mckinsey.com/de/~/media/mckinsey/locations/europe%20and%20middle%20east/deutschland/news/presse/2023/2023-11-28%20state%20of%20fashion%202024/sof24_report.pdf,https://www.mckinsey.com/de/~/media/mckinsey/locations/europe%20and%20middle%20east/deutschland/news/presse/2023/2023-11-28%20state%20of%20fashion%202024/sof24_report.pdf,dl_202090c4a04b2e19,downloaded,
1296f2f1eeb5e8c4,slideworks_mckinsey,"McKinsey - Global Economics Intelligence: Global Summary Report, second update (2023)",McKinsey,https://www.mckinsey.com/~/media/mckinsey/business%20functions/strategy%20and%20corporate%20finance/our%20insights/global%20economics%20intelligence%20executive%20summary%20august%202023/global-economics-intelligence-executive-summary-august-2023.pdf,https://www.mckinsey.com/~/media/mckinsey/business%20functions/strategy%20and%20corporate%20finance/our%20insights/global%20economics%20intelligence%20executive%20summary%20august%202023/global-economics-intelligence-executive-summary-august-2023.pdf,dl_45dc8f6286a5209f,downloaded,
167060981f80c705,slideworks_mckinsey,"McKinsey - Global Economics Intelligence: Global Summary Report, updated (2023)",McKinsey,https://www.mckinsey.com/~/media/mckinsey/business%20functions/strategy%20and%20corporate%20finance/our%20insights/global%20economics%20intelligence%20%20executive%20summary%20june%202023/gei-global-summary-june-2023.pdf,https://www.mckinsey.com/~/media/mckinsey/business%20functions/strategy%20and%20corporate%20finance/our%20insights/global%20economics%20intelligence%20%20executive%20summary%20june%202023/gei-global-summary-june-2023.pdf,dl_e43a3359db33bf65,downloaded,
1488a70834088dfc,slideworks_mckinsey,McKinsey - Global Economics Intelligence: Global Summary Report (2023),McKinsey,https://www.mckinsey.com/~/media/mckinsey/business%20functions/strategy%20and%20corporate%20finance/our%20insights/global%20economics%20intelligence%20executive%20summary%20april%202023/gei-global-summary-april-2023.pdf,https://www.mckinsey.com/~/media/mckinsey/business%20functions/strategy%20and%20corporate%20finance/our%20insights/global%20economics%20intelligence%20executive%20summary%20april%202023/gei-global-summary-april-2023.pdf,dl_c6f334d4c34ba964,downloaded,
032c732dd2b33640,slideworks_mckinsey,McKinsey - The future trends in ASEAN steel market (2022),McKinsey,https://www.seaisi.org/storage/event_agendas/A6dhv8RY4LO0Z6l0hj9GC2YyS1gh30gWpacMmvQN.pdf,https://www.seaisi.org/storage/event_agendas/A6dhv8RY4LO0Z6l0hj9GC2YyS1gh30gWpacMmvQN.pdf,dl_fc32f281c394a13d,downloaded,
a3351ab742254544,slideworks_mckinsey,McKinsey - A changing Fitness consumer: Imperatives and opportunities for Fitness players (2022),McKinsey,https://www.scribd.com/document/663939447/Eric-Falardeau-Partner-Health-Fitness-Wellness-McKinsey-Company,,,unresolved,no_public_document_link_within_three_hops
6c3b486d2a8b931b,slideworks_mckinsey,McKinsey - Global Energy Perspective 2022: Executive Summary (2022),McKinsey,https://www.mckinsey.com/~/media/McKinsey/Industries/Oil%20and%20Gas/Our%20Insights/Global%20Energy%20Perspective%202022/Global-Energy-Perspective-2022-Executive-Summary.pdf,https://www.mckinsey.com/~/media/McKinsey/Industries/Oil%20and%20Gas/Our%20Insights/Global%20Energy%20Perspective%202022/Global-Energy-Perspective-2022-Executive-Summary.pdf,dl_49721d26908eee06,downloaded,
9ea2c980b33046ce,slideworks_mckinsey,McKinsey - Data and Analytics Innovations in Credit Portfolio Management (2022),McKinsey,https://www.scribd.com/document/828754875/1220pm-Data-and-Analytics-Suvanam,,,unresolved,no_public_document_link_within_three_hops
f62c6b17b8fb71f7,slideworks_mckinsey,McKinsey - European Consumer Sentiment Survey: How current events in Europe are shaping consumer behavior Insights from Germany (2022),McKinsey,https://www.mckinsey.com/de/~/media/mckinsey/locations/europe%20and%20middle%20east/deutschland/news/presse/2022/2022-07-18%20consumer%20sentiment%20juli%2022/220715_mck_consumer_pulse_june22_dtl.pdf,https://www.mckinsey.com/de/~/media/mckinsey/locations/europe%20and%20middle%20east/deutschland/news/presse/2022/2022-07-18%20consumer%20sentiment%20juli%2022/220715_mck_consumer_pulse_june22_dtl.pdf,dl_b1de1f1040c79045,downloaded,
838d9f3f86ddcca3,slideworks_mckinsey,McKinsey - McKinsey Technology Trends Outlook 2022 (2022),McKinsey,https://www.mckinsey.com/~/media/mckinsey/business%20functions/mckinsey%20digital/our%20insights/the%20top%20trends%20in%20tech%202022/mckinsey-tech-trends-outlook-2022-full-report.pdf,https://www.mckinsey.com/~/media/mckinsey/business%20functions/mckinsey%20digital/our%20insights/the%20top%20trends%20in%20tech%202022/mckinsey-tech-trends-outlook-2022-full-report.pdf,dl_a0076e637f3f5d70,downloaded,
5add5ab0d07834f7,slideworks_mckinsey,McKinsey - Battery materials demand and supply perspective (2022),McKinsey,https://worldmaterialsforum.com/files/Presentations2022/WMF2022-PS1-Frank-Bekaert-McKinsey.pdf,https://worldmaterialsforum.com/files/Presentations2022/WMF2022-PS1-Frank-Bekaert-McKinsey.pdf,dl_01f062929eac5663,downloaded,
2536de2e9a93b8d1,slideworks_mckinsey,McKinsey - Quantum Technology Monitor (2022),McKinsey,https://www.mckinsey.com/~/media/mckinsey/business%20functions/mckinsey%20digital/our%20insights/quantum%20computing%20funding%20remains%20strong%20but%20talent%20gap%20raises%20concern/quantum-technology-monitor.pdf,https://www.mckinsey.com/~/media/mckinsey/business%20functions/mckinsey%20digital/our%20insights/quantum%20computing%20funding%20remains%20strong%20but%20talent%20gap%20raises%20concern/quantum-technology-monitor.pdf,dl_bd196249431a2366,downloaded,
a3781a6bb74d4eb4,slideworks_mckinsey,McKinsey - Blockchain and Digital Assets (2022),McKinsey,https://www.governor.nh.gov/sites/g/files/ehbemt336/files/inline-documents/sonh/cryptocurrency-mckinsey-blockchain-digital-assets.pdf,https://www.governor.nh.gov/sites/g/files/ehbemt336/files/inline-documents/sonh/cryptocurrency-mckinsey-blockchain-digital-assets.pdf,dl_328cdb8479cf55aa,downloaded,
28c092a23e0adde5,slideworks_mckinsey,McKinsey - Global Hydrogen Flows: Hydrogen trade as a key enabler for efficient decarbonization (2022),McKinsey,https://hydrogencouncil.com/wp-content/uploads/2022/10/Global-Hydrogen-Flows.pdf,,,robots_disallowed,robots_disallowed
57714531d4d5f8c8,slideworks_mckinsey,McKinsey - Women in the Workplace (2022),McKinsey,https://www.slideshare.net/McKinseyCompany/2022-women-in-the-workplace-briefing-254242515 ,,,unresolved,no_public_document_link_within_three_hops
f7469f3b7f80fbb4,slideworks_mckinsey,McKinsey - Global Energy Perspective 2021 (2021),McKinsey,https://adminlb.imodules.com/s/1738/images/gid19/editor_documents/misc/hbs_mckinsey_global_energy_perspective_2021.pdf,https://adminlb.imodules.com/s/1738/images/gid19/editor_documents/misc/hbs_mckinsey_global_energy_perspective_2021.pdf?sessionid=e38283a1-7536-4452-9ba1-439eef87428c&cc=1,dl_3f55407b70de8f85,downloaded,
07a5cd75c0ceb650,slideworks_mckinsey,McKinsey - Global gas outlook to 2050: Summary report (2021),McKinsey,https://www.mckinsey.com/~/media/mckinsey/industries/oil%20and%20gas/our%20insights/global%20gas%20outlook%20to%202050/global%20gas%20outlook%202050_final.pdf,https://www.mckinsey.com/~/media/mckinsey/industries/oil%20and%20gas/our%20insights/global%20gas%20outlook%20to%202050/global%20gas%20outlook%202050_final.pdf,dl_49b9389b75f40c54,downloaded,
f5996dbfc3c65086,slideworks_mckinsey,McKinsey - Global oil outlook to 2040: Summary report (2021),McKinsey,https://www.mckinsey.com/~/media/mckinsey/industries/oil%20and%20gas/our%20insights/global%20oil%20supply%20and%20demand%20outlook%20to%202040/global-oil-supply-and-demand-outlook-to-2040-online-summary.pdf,https://www.mckinsey.com/~/media/mckinsey/industries/oil%20and%20gas/our%20insights/global%20oil%20supply%20and%20demand%20outlook%20to%202040/global-oil-supply-and-demand-outlook-to-2040-online-summary.pdf,dl_af1948441df4f0e0,downloaded,
3899881291779611,slideworks_mckinsey,McKinsey - The Quantum Technology Monitor: Facts and figures (2021),McKinsey,https://www.mckinsey.com/~/media/mckinsey/featured%20insights/the%20rise%20of%20quantum%20computing/quantum%20technology%20monitor/2021/mckinsey-quantum-technology-monitor-202109.pdf,https://www.mckinsey.com/~/media/mckinsey/featured%20insights/the%20rise%20of%20quantum%20computing/quantum%20technology%20monitor/2021/mckinsey-quantum-technology-monitor-202109.pdf,dl_aa3b6e61f68baff3,downloaded,
2410b6b04a885766,slideworks_mckinsey,McKinsey - Women in the Workplace (2021),McKinsey,https://www.slideshare.net/McKinseyCompany/2021-women-in-the-workplace-news-and-media-briefing-251233709,,,unresolved,no_public_document_link_within_three_hops
a5cf39c90098dbd1,slideworks_mckinsey,McKinsey - The Press Forward Discussion: Pipeline to Leadership for Women in News (2021),McKinsey,https://www.slideshare.net/slideshow/the-press-forward-discussion-pipeline-to-leadership-for-women-in-news/242484721,,,unresolved,no_public_document_link_within_three_hops
fd0b79f3a6cf6a6b,slideworks_mckinsey,"McKinsey - Consumers' sustainability sentiment and behavior before, during and after the COVID-19 crisis: Consumer research Germany (2021)",McKinsey,https://www.mckinsey.com/de/~/media/mckinsey/locations/europe%20and%20middle%20east/deutschland/news/presse/2021/2021%20pm%20nachhaltiger%20konsum/studie-nachhaltiger-konsum.pdf,https://www.mckinsey.com/de/~/media/mckinsey/locations/europe%20and%20middle%20east/deutschland/news/presse/2021/2021%20pm%20nachhaltiger%20konsum/studie-nachhaltiger-konsum.pdf,dl_bc79a4906a3f9b93,downloaded,
86edd65e46090de3,slideworks_mckinsey,McKinsey - Diversity wins: How inclusion matters (2021),McKinsey,https://www.slideshare.net/slideshow/diversity-wins-how-inclusion-matters/249457464,,,unresolved,no_public_document_link_within_three_hops
e4c83f36cc880582,slideworks_mckinsey,McKinsey - 2021 ESG Report: Accelerating Sustainable and Inclusive Growth (2021),McKinsey,https://www.mckinsey.com/spContent/bespoke/esg-pdf/pdfs/in/McKinsey_2021_ESG_Report_VF.pdf,https://www.mckinsey.com/spContent/bespoke/esg-pdf/pdfs/in/McKinsey_2021_ESG_Report_VF.pdf,dl_de7a7763d5063514,downloaded,
bcc96374849a8312,slideworks_mckinsey,McKinsey - Cloud value in cash management (2021),McKinsey,https://www.slideshare.net/slideshow/cloud-value-in-cash-management/248765118,,,unresolved,no_public_document_link_within_three_hops
276775e78c4b6ba4,slideworks_mckinsey,McKinsey - The top trends in tech - executive summary download (2021),McKinsey,https://www.mckinsey.com/~/media/McKinsey/Business%20Functions/McKinsey%20Digital/Our%20Insights/The%20top%20trends%20in%20tech%20final/Tech-Trends-Exec-Summary,,,dead_link,http_404
50f5094513a9fcd2,slideworks_mckinsey,McKinsey - Race in the workplace: The Black experience in the U.S. private sector (2021),McKinsey,https://www.slideshare.net/McKinseyCompany/race-in-the-workplace-the-black-experience-in-the-us-private-sector,,,unresolved,no_public_document_link_within_three_hops
12acc9a57f0fd7e0,slideworks_mckinsey,McKinsey - Accelerating hybrid-cloud adoption in banking and securities (2021),McKinsey,https://www.slideshare.net/slideshow/accelerating-hybridcloud-adoption-in-banking-and-securities-240951105/240951105,,,unresolved,no_public_document_link_within_three_hops
a58dadbcfcb941b7,slideworks_mckinsey,McKinsey - The Quantum Technology Monitor: FACTS & FIGURES (2020),McKinsey,https://www.mckinsey.com/~/media/mckinsey/featured%20insights/the%20rise%20of%20quantum%20computing/quantum%20technology%20monitor/2020/mckinsey-quantum-technology-monitor-202012.pdf,https://www.mckinsey.com/~/media/mckinsey/featured%20insights/the%20rise%20of%20quantum%20computing/quantum%20technology%20monitor/2020/mckinsey-quantum-technology-monitor-202012.pdf,dl_b0c7808160ed43dd,downloaded,
8422bd2d77377718,slideworks_mckinsey,"McKinsey - Diversity, Equity, and Inclusion in a post-COVID world (2020)",McKinsey,https://www.slideshare.net/slideshow/global-diversity-equity-and-inclusion-debrief-240176996/240176996,,,unresolved,no_public_document_link_within_three_hops
b51a148533340360,slideworks_mckinsey,McKinsey - COVID-19 - Auto & Mobility Consumer Insights (2020),McKinsey,https://www.slideshare.net/McKinseyCompany/covid19-auto-mobility-consumer-insights,,,unresolved,http_410
e6481b27be35a49a,slideworks_mckinsey,"McKinsey - COVID-19: Briefing material - Global health and crisis response, updated October 2020 (2020)",McKinsey,https://www.mckinsey.com/~/media/mckinsey/business%20functions/risk/our%20insights/covid%2019%20implications%20for%20business/2020%20updates/covid%2019%20nov%2011/covid-19-facts-and-insights-oct-30-final.pdf,https://www.mckinsey.com/~/media/mckinsey/business%20functions/risk/our%20insights/covid%2019%20implications%20for%20business/2020%20updates/covid%2019%20nov%2011/covid-19-facts-and-insights-oct-30-final.pdf,,validation_failed,encrypted
47fde1c159e38436,slideworks_mckinsey,McKinsey - COVID-19: Briefing note - Global health and crisis response (2020),McKinsey,https://confimprese.it/wp-content/uploads/2020/04/Mckinsey-Covid-19.pdf.pdf.pdf,https://confimprese.it/wp-content/uploads/2020/04/Mckinsey-Covid-19.pdf.pdf.pdf,,validation_failed,encrypted
ad8a79f155d65178,slideworks_mckinsey,McKinsey - A global view of how consumer behavior is changing amid COVID-19: Discussion document (2020),McKinsey,https://www.mckinsey.com/~/media/McKinsey/Business%20Functions/Marketing%20and%20Sales/Our%20Insights/A%20global%20view%20of%20how%20consumer%20behavior%20is%20changing%20amid%20COVID%2019/20200707/covid-19-global-consumer-sentiment-20200707.pdf,https://www.mckinsey.com/~/media/McKinsey/Business%20Functions/Marketing%20and%20Sales/Our%20Insights/A%20global%20view%20of%20how%20consumer%20behavior%20is%20changing%20amid%20COVID%2019/20200707/covid-19-global-consumer-sentiment-20200707.pdf,dl_084d2f8cd45c906f,downloaded,
2c658bad1bb46d1b,slideworks_mckinsey,McKinsey - Customer-back reinvention of the Commercial Domain (2020),McKinsey,https://www.scribd.com/document/701580063/3-customer-back-reinvention-of-the-commercial-domain-v-sverre-fjeldstad-mckinsey,,,unresolved,http_410
e5ee03cd0df47197,slideworks_mckinsey,McKinsey - Accelerating hybrid cloud adoption in banking and securities (2020),McKinsey,https://www.slideshare.net/McKinseyCompany/accelerating-hybridcloud-adoption-in-banking-and-securities,,,unresolved,no_public_document_link_within_three_hops
61bfe7f0cad73434,slideworks_mckinsey,"McKinsey - New horizons in transportation: mobility, innovation, economic development and funding implications (2020)",McKinsey,https://www.slideshare.net/McKinseyCompany/new-horizons-in-transportation-mobility-innovation-economic-development-and-funding-implications-239324942,,,unresolved,no_public_document_link_within_three_hops
d4329b9aae96d255,slideworks_mckinsey,McKinsey - Women’s Executive Roundtable presentation (2020),McKinsey,https://www.slideshare.net/slideshow/womens-executive-roundtable-presentation/238931674,,,unresolved,no_public_document_link_within_three_hops
4cdee1aae3658d2f,slideworks_mckinsey,McKinsey - COVID-19 Digital sentiment insights: Survey results for German market (2020),McKinsey,https://www.mckinsey.de/~/media/McKinsey/Locations/Europe%20and%20Middle%20East/Deutschland/News/Presse/2020/2020-05-26%20Digital%20Sentiment%20Survey/Ergebnisse_McKinsey_Konsumentenbefragung_Digital_Sentiment_2020.ashx,https://www.mckinsey.de/~/media/McKinsey/Locations/Europe%20and%20Middle%20East/Deutschland/News/Presse/2020/2020-05-26%20Digital%20Sentiment%20Survey/Ergebnisse_McKinsey_Konsumentenbefragung_Digital_Sentiment_2020.ashx,dl_9d0bda51f5f84e7d,downloaded,
e92dd6b16b3e7384,slideworks_mckinsey,McKinsey - Responding to COVID-19: Addressing the economic impact of the crisis - Information for US state leaders (2020),McKinsey,https://www.mckinsey.com/~/media/mckinsey/about%20us/covid%20response%20center/pdfs/responding%20to%20the%20economic%20impact.pdf,https://www.mckinsey.com/~/media/mckinsey/about%20us/covid%20response%20center/pdfs/responding%20to%20the%20economic%20impact.pdf,dl_9d5af2d703df0ea4,downloaded,
318d48a6ae9f6f9c,slideworks_mckinsey,McKinsey - COVID-19 and Advancing Asian American Recover (2020),McKinsey,https://www.slideshare.net/slideshow/covid-19-and-advancing-asian-american-recover/238673044,,,unresolved,no_public_document_link_within_three_hops
df90b7a985b01ccc,slideworks_mckinsey,McKinsey - 2020 Women in the Workplace: Participant Briefing (2020),McKinsey,https://www.slideshare.net/slideshow/2020-women-in-the-workplace-participant-briefing/238783378,,,unresolved,no_public_document_link_within_three_hops
9cb105ebbcb24227,slideworks_mckinsey,McKinsey - Addressing Homelessness in King County (2020),McKinsey,https://www.slideshare.net/slideshow/addressing-homelessness-in-king-county/230115560,,,unresolved,no_public_document_link_within_three_hops
08ff3dbcc908209c,slideworks_mckinsey,McKinsey - Brazil Digital Report - 1st Edition (2019),McKinsey,https://www.slideshare.net/slideshow/brazil-digital-report-1st-edition-by-mckinsey-company-and-brazil-at-silicon-valley/140318080,,,unresolved,no_public_document_link_within_three_hops
9d4d11cbd8cb06a8,slideworks_mckinsey,McKinsey - SDG Guide for Business Leaders: A practical Guide for Business Leaders to working with the SDGs as a competitive factor (2019),McKinsey,https://vl.dk/wp-content/uploads/2019/06/McKinsey-SDG-Practical-Guide.pdf,,,robots_disallowed,robots_disallowed
9afb03ffe23ba427,slideworks_mckinsey,McKinsey - The Future of the Finance Function –Experiences from the U.S. public sector (2019),McKinsey,https://www.alexanderjarvis.com/mckinsey-the-future-of-the-finance-function-experiences-from-the-u-s-public-sector/,,,unresolved,no_public_document_link_within_three_hops
01c09c0cbdd17083,slideworks_mckinsey,McKinsey - Women in the Workplace (2019),McKinsey,https://www.slideshare.net/slideshow/shattering-the-glass-screen-gender-inequality-in-media-and-entertainment/231317879,,,unresolved,no_public_document_link_within_three_hops
c6ad5d0c40359b18,slideworks_mckinsey,McKinsey - Digital and Innovation Strategies for the Infrastructure Industry (2018),McKinsey,https://www.slideshare.net/SmartCity7/digital-and-innovation-strategies-for-the-infrastructure-industry-tim-mcmanus-mckinsey-company-infrastructure-week-presentation,,,unresolved,no_public_document_link_within_three_hops
795cdf078d81c195,slideworks_mckinsey,McKinsey - Moving Laggards to Early Adopters (Maybe even innovators) (2018),McKinsey,https://polytechnic.purdue.edu/sites/default/files/files/Krish%20-%20Moving%20Laggards%20to%20Early%20Adopters%2C%20NcKinsey%20%26%20Co.pdf,,,dead_link,http_404
a8af32381b664d7c,slideworks_mckinsey,McKinsey - Investment and Industrial Policy: A Perspective on the Future (2018),McKinsey,https://unctad.org/system/files/non-official-document/tdb65pt2_item5_presentation_LKrstic_en.pdf,,,robots_disallowed,robots_disallowed
2743c029bda7eb0f,slideworks_mckinsey,McKinsey - Current perspectives on Medical Affairs in Japan (2018),McKinsey,https://static1.squarespace.com/static/5966db90f9a61efb4cd0dc89/t/5a9750338165f5deb7607a69/1519865953798/Minyoung+Kim.pdf,,,robots_disallowed,robots_disallowed
ffd8eea2dcdcde38,slideworks_mckinsey,McKinsey - European Banking Summit 2018 (2018),McKinsey,https://www.ebf.eu/wp-content/uploads/2018/10/European-Banking-Summit-2018-Max-Floetotto.pdf,,,robots_disallowed,robots_disallowed
0ff08f3185ab03ac,slideworks_mckinsey,McKinsey - The future energy landscape: Global trends and a closer look at the Netherlands (2017),McKinsey,https://www.alexanderjarvis.com/wp-content/uploads/2021/12/McKinsey-The-future-energy-landscape-Global-trends-and-a-closer-look-at-the-Netherlands-.pdf,,,unresolved,no_public_document_link_within_three_hops
bbbd65d6d3f377d1,slideworks_mckinsey,McKinsey - Technology’s role in mineral criticality (2017),McKinsey,https://worldmaterialsforum.com/files/Presentations2017/PlenarySession1/WMF2017-McKinsey-Franck-Bekeart.pdf,https://worldmaterialsforum.com/files/Presentations2017/PlenarySession1/WMF2017-McKinsey-Franck-Bekeart.pdf,dl_00071f1c024d002a,downloaded,
402658e2795a6039,slideworks_mckinsey,McKinsey - Digital Luxury Experience (2017),McKinsey,https://altagamma.it/media/source/20170525_DLE%202017_Shareablepres_1.pdf,https://altagamma.it/media/source/20170525_DLE%202017_Shareablepres_1.pdf,,validation_failed,encrypted
c7bcc1add2f83dac,slideworks_mckinsey,McKinsey - Using Artificial Intelligence to prevent healthcare errors from occurring (2017),McKinsey,https://www.bundesgesundheitsministerium.de/fileadmin/Dateien/3_Downloads/P/Patientensicherheit/WS3-2017/01_WS3_Henke_20170328_Using_AI_to_prevent_healthcare_errors_from_occuring.pdf,https://www.bundesgesundheitsministerium.de/fileadmin/Dateien/3_Downloads/P/Patientensicherheit/WS3-2017/01_WS3_Henke_20170328_Using_AI_to_prevent_healthcare_errors_from_occuring.pdf,dl_a153804684314f79,downloaded,
ada19318975600c7,slideworks_mckinsey,McKinsey - A step-by-step overview of a typical cybersecurity attack—and how companies can protect themselves (2017),McKinsey,https://www.slideshare.net/slideshow/a-stepbystep-overview-of-a-typical-cybersecurity-attackand-how-companies-can-protect-temselves/78546493,,,unresolved,no_public_document_link_within_three_hops
ce15f45b1a0eb11a,slideworks_mckinsey,McKinsey - The CEO guide to China's future (2016),McKinsey,https://www.slideshare.net/slideshow/the-ceo-guide-to-chinas-future/66722187,,,unresolved,no_public_document_link_within_three_hops
dece1e6c2c4c21af,slideworks_mckinsey,McKinsey - The emerging markets growth story (2016),McKinsey,https://www.slideshare.net/slideshow/the-emerging-markets-growth-story/62811433,,,unresolved,no_public_document_link_within_three_hops
cda543d7ded17214,slideworks_mckinsey,McKinsey - Winning competition through organizational agility (2016),McKinsey,https://www.slideshare.net/slideshow/winning-competition-through-organizational-agility/62811153,,,unresolved,no_public_document_link_within_three_hops
ee6867aba15e47c4,slideworks_mckinsey,McKinsey - Digital globalization: The new era of global flows (2016),McKinsey,https://www.slideshare.net/slideshow/digital-globalization-the-new-era-of-global-flows/58716435,,,unresolved,no_public_document_link_within_three_hops
f5a0485fd0220653,slideworks_mckinsey,"McKinsey - Digital Europe: Pushing the frontier, capturing the benefits (2016)",McKinsey,https://www.slideshare.net/slideshow/digital-europe-pushing-the-frontier-capturing-the-benefits/63594108,,,unresolved,no_public_document_link_within_three_hops
fd246f57efa49759,slideworks_mckinsey,"McKinsey - Overview of M&A, 2016 (2016)",McKinsey,https://www.slideshare.net/McKinseyCompany/overview-of-ma-2016,,,unresolved,no_public_document_link_within_three_hops
bf2a3b61b0d740e0,slideworks_mckinsey,McKinsey - Five keys to unlocking growth in marketing’s “new golden age” (2015),McKinsey,https://www.slideshare.net/McKinseyCompany/five-keys-to-marketings-new-golden-age-from-mckinseys-marketing-sales-practice,,,unresolved,no_public_document_link_within_three_hops
0c54b58fbe5f8e7a,slideworks_mckinsey,McKinsey - Changing Landscape in Container Shipping and the Implications to Shippers (2015),McKinsey,https://www.scribd.com/document/465632789/USFIA-AISA-Conference-2015-Widdows,,,unresolved,no_public_document_link_within_three_hops
af957f01ef372018,slideworks_mckinsey,"McKinsey - How will Internet of Things, mobile internet, data analytics and cloud transform public services by 2030? (2015)",McKinsey,https://www.alexanderjarvis.com/wp-content/uploads/2021/12/McKinsey-How-will-Internet-of-Things-mobile-internet-data-analytics-and-cloud-transform-public-services-by-2030.pdf,,,unresolved,no_public_document_link_within_three_hops
1bc218ef28716689,slideworks_mckinsey,McKinsey - Restoring Economic Health to the North Sea (2015),McKinsey,https://www.scribd.com/document/435051417/Restoring-Economic-Health-to-the-North-Sea,,,unresolved,no_public_document_link_within_three_hops
443b348853e4cb60,slideworks_mckinsey,McKinsey - Challenges in Mining: Scarcity or Opportunity? (2015),McKinsey,https://worldmaterialsforum.com/files/downloads/5-Rare_20Raw_20Material_20Issues.pdf,https://worldmaterialsforum.com/files/downloads/5-Rare_20Raw_20Material_20Issues.pdf,dl_a63294fe2fb6bc8e,downloaded,
cc646732d3bdf623,slideworks_mckinsey,McKinsey - Insurance trends and growth opportunities for Poland (2015),McKinsey,https://piu.org.pl/public/upload/ibrowser/III%20Kongres%20prezentacje/2014.05.04%20Polish%20Insurance%20Association%20-%20final.pdf,https://piu.org.pl/public/upload/ibrowser/III%20Kongres%20prezentacje/2014.05.04%20Polish%20Insurance%20Association%20-%20final.pdf,dl_df3744c7748e5c92,downloaded,
b7cac4360d2f03a7,slideworks_mckinsey,McKinsey - Manufacturing the Future: The Next Era of Global Growth and Innovation (2013),McKinsey,https://www.alexanderjarvis.com/mckinsey-manufacturing-the-future-the-next-era-of-global-growth-and-innovation/,,,unresolved,no_public_document_link_within_three_hops
355bd833de2837b8,slideworks_mckinsey,McKinsey - Laying the foundations for a financially sound industry (2013),McKinsey,https://web-archive.oecd.org/2013-12-16/260684-Laying%20the%20foundations%20for%20a%20financially%20sound%20industry%20-%20OECD.pdf,https://web-archive.oecd.org/2013-12-16/260684-Laying%20the%20foundations%20for%20a%20financially%20sound%20industry%20-%20OECD.pdf,,validation_failed,signature_mismatch
5bd23b8b8d36bf6c,slideworks_mckinsey,McKinsey - The Internet of Things and Big Data: Opportunities for Value Creation (2013),McKinsey,https://www.cisco.com/assets/sol/dc/iot_and_big_data.pdf,https://www.cisco.com/assets/sol/dc/iot_and_big_data.pdf,dl_ec2b099a3840f9df,downloaded,
a42d13669d07d37e,slideworks_mckinsey,"McKinsey - Overview of the Mobile Device Market, Trends, and Vendors (2012)",McKinsey,https://www.scribd.com/presentation/414782409/Mobile-Device-Market-Trends-and-Vendors,,,unresolved,no_public_document_link_within_three_hops
c553fdc0e4f88b72,slideworks_mckinsey,McKinsey - Smart Grid as a disruption: thinking 10 years ahead (2011),McKinsey,https://www.scribd.com/document/61190975/McKinsey-Disruption,,,unresolved,no_public_document_link_within_three_hops
074b2ce3451791ec,slideworks_mckinsey,McKinsey - What Makes Private Sector Partnership Works: some learnings from the field (2011),McKinsey,https://www.mcgill.ca/globalfoodsecurity/files/globalfoodsecurity/kathrynyoung.pdf,https://www.mcgill.ca/globalfoodsecurity/files/globalfoodsecurity/kathrynyoung.pdf,,validation_failed,encrypted
42501be9428f9d7f,slideworks_mckinsey,McKinsey - Mobile Data: Time For Rationality (2010),McKinsey,https://www.scribd.com/document/76451001/McKinsey-MBB-Time-for-Rationality,,,unresolved,no_public_document_link_within_three_hops
15bfa8467dd8bfb4,slideworks_mckinsey,McKinsey - Market Assessment: Call Center Outsourcing Industry in the U.S. (2010),McKinsey,https://www.scribd.com/presentation/68448010/Market-Assessment-Call-Center-Outsourcing,,,unresolved,no_public_document_link_within_three_hops
2ed343319467100e,slideworks_mckinsey,McKinsey - Value Propositions for the Utility Industry (2010),McKinsey,https://www.scribd.com/document/51690824/Value-proposition-for-the-utility-industry,,,unresolved,no_public_document_link_within_three_hops
c6970c042bdab6a5,slideworks_mckinsey,McKinsey - Climate Change and the Role of the Chemical Industry (2009),McKinsey,https://www.scribd.com/presentation/296329989/20100817152036-d-appe-peykerman-gam280509,,,unresolved,no_public_document_link_within_three_hops
aec8882c12cd1d04,slideworks_mckinsey,McKinsey - The Business of Empowering Women (2009),McKinsey,https://www.scribd.com/user/24914860/shrutityagi,,,unresolved,no_public_document_link_within_three_hops
b20b06755ba667f3,slideworks_mckinsey,McKinsey - The changed agenda in the global sourcing industry: perspectives and developments (2009),McKinsey,https://web-archive.oecd.org/2012-06-14/112202-44083521.pdf,https://web-archive.oecd.org/2012-06-14/112202-44083521.pdf,,validation_failed,signature_mismatch
a6ce5f6b39edb01b,slideworks_mckinsey,"McKinsey - Leading the digital transformation toward ""Made in China 2025"" (date unknown)",McKinsey,https://www.scribd.com/document/944205282/20200110-DCC-Beijing-Brochure-En,,,unresolved,no_public_document_link_within_three_hops
be10e7b2819a0625,slideworks_mckinsey,McKinsey - Fab automation - Artificial Intelligence (date unknown),McKinsey,https://www.alexanderjarvis.com/wp-content/uploads/2021/12/McKinsey-Fab-Automation-Artificial-Intelligence-.pdf,,,unresolved,no_public_document_link_within_three_hops
e38efb90f3792fe8,slideworks_mckinsey,McKinsey - Quality 4.0: The Future of Quality in Pharma (date unknown),McKinsey,https://www.scribd.com/document/518614597/presentation2020-15,,,unresolved,no_public_document_link_within_three_hops
80e4a3e2f9ea4f4a,slideworks_mckinsey,McKinsey - Impact of consumer trends in logistics (date unknown),McKinsey,https://www.scribd.com/document/429530240/CII-Consumer-Trends-Logistics,,,unresolved,http_410
c01f32631077b160,slideworks_mckinsey,McKinsey - Brazil Digital Report (date unknown),McKinsey,https://assets.ctfassets.net/ws3ue388i71x/rgMP6ZtBa56TKYnrL7VLJ/c5438055755c274fdb565d0ee30d51f7/Brazil_Digital_Report_-_Webinar_V8__3_.pdf,,,robots_disallowed,robots_disallowed
80eb674a105da3d7,slideworks_mckinsey,"McKinsey - When thing get complex: Complex Systems, challenges and where to focus (date unknown)",McKinsey,https://www.slideshare.net/slideshow/mckinsey-when-things-get-complex-complex-systems-challenges-and-where-to-focus/238974077,,,unresolved,no_public_document_link_within_three_hops
1a950eea4c672918,slideworks_mckinsey,McKinsey - Next Gen Mining: Harnessing the Full Power of People and Technology in Mining (date unknown),McKinsey,https://www.slideshare.net/slideshow/next-gen-mining-by-mckinsey-company-perumin/271134954,,,unresolved,no_public_document_link_within_three_hops
55faf34d0f961070,slideworks_mckinsey,McKinsey - The top trends in tech - executive summary download (date unknown),McKinsey,https://www.slideshare.net/slideshow/mckinsey-technology-trends-exec-summary-pdf/267960615,,,unresolved,no_public_document_link_within_three_hops
70de26e59700dc6c,slideworks_mckinsey,McKinsey - Outperformers: High-growth emerging economies and the companies that propel them (2018),McKinsey,https://www.piie.com/sites/default/files/documents/madgavkar20181017ppt.pdf,,,robots_disallowed,robots_disallowed
13fe2cf8bb9d9fbb,slideworks_mckinsey,"McKinsey - A future that works: AI, automation, employment, and productivity (2017)",McKinsey,https://www.jbs.cam.ac.uk/wp-content/uploads/2020/08/170622-slides-manyika.pdf,https://www.jbs.cam.ac.uk/wp-content/uploads/2020/08/170622-slides-manyika.pdf,dl_773fc51270fd80c6,downloaded,
2c11964070ef6ba3,slideworks_mckinsey,McKinsey - Reinventing Construction: A Route To Higher Productivity (2017),McKinsey,https://ec.europa.eu/docsroom/documents/24763/attachments/3/translations/en/renditions/native,https://webgate.ec.europa.eu/circabc-ewpp/rest/download/4c1a60c5-35ac-45e3-9958-0f7e0b0cc6dc,dl_62f5693eb0386176,downloaded,
1635e865b27cc10e,slideworks_mckinsey,"McKinsey - Jobs lost, jobs gained: Workforce transitions in a time of automation (2017)",McKinsey,https://www.alexanderjarvis.com/mckinsey-jobs-lost-jobs-gained-workforce-transitions-in-time-of-automation/,,,unresolved,no_public_document_link_within_three_hops
a318b5a738c567be,slideworks_mckinsey,McKinsey - A labor market that works: Connecting talent and opportunity in the digital age (2015),McKinsey,https://www.slideshare.net/slideshow/mckinsey-global-institute-reporta-labor-market-that-works-connecting-talent-and-opportunity-in-the-digital-age/48961022,,,unresolved,no_public_document_link_within_three_hops
ff38f059fb30a4ac,slideworks_mckinsey,McKinsey - A blueprint for addressing the global affordable housing challenge (2015),McKinsey,https://www.fiic.la/Documentos/Congreso%20CAMACOL%202015/MGI%20AH%20Camacol_Jan%20Mischke.pdf,https://www.fiic.la/Documentos/Congreso%20CAMACOL%202015/MGI%20AH%20Camacol_Jan%20Mischke.pdf,dl_b125547ceb745961,downloaded,
af49b9854a6ce1b6,slideworks_mckinsey,McKinsey - No Ordinary Disruption: The four forces breaking all the trends (2015),McKinsey,https://www.slideshare.net/slideshow/no-ordinary-disruption-the-four-forces/46950559,,,unresolved,no_public_document_link_within_three_hops
079d0ae1f41da5ee,slideworks_mckinsey,"McKinsey - Global flows in a digital age: How trade, finance, people, and data connect the world economy (2014)",McKinsey,https://www.slideshare.net/McKinseyCompany/global-flows-in-a-digital-age,,,unresolved,no_public_document_link_within_three_hops
f501dc37755b95a6,slideworks_mckinsey,McKinsey - Attracting Responsible Mining Investment in Fragile and Conflict Affected Settings (2014),McKinsey,https://www.worldbank.org/content/dam/Worldbank/document/Extractives/Mining%20Indaba%202014/Reversing%20the%20Curse%20McKinsey%20presentation%20(Conflict%20and%20fragile%20states).pdf,https://www.worldbank.org/content/dam/Worldbank/document/Extractives/Mining%20Indaba%202014/Reversing%20the%20Curse%20McKinsey%20presentation%20(Conflict%20and%20fragile%20states).pdf,dl_df4a9e04f0e5f6e0,downloaded,
85af842c5dbcfbce,slideworks_mckinsey,"McKinsey - From poverty to empowerment: India’s imperative for jobs, growth and effective basic services (2014)",McKinsey,https://icrier.org/pdf/mgi_poverty_v2.pdf,https://icrier.org/pdf/mgi_poverty_v2.pdf,dl_37932959fdf7e03a,downloaded,
1cbca81ff054d997,slideworks_mckinsey,"McKinsey - Perspectives on manufacturing, disruptive technologies, and Industry 4.0 (2014)",McKinsey,https://www.alexanderjarvis.com/mckinsey-perspectives-on-manufacturing-disruptive-technologies-and-industry-4-0/,,,unresolved,no_public_document_link_within_three_hops
0e5a640accc948c0,slideworks_mckinsey,McKinsey - Context for Global Growth and Development (2014),McKinsey,https://www.un.org/esa/ffd/wp-content/uploads/2014/11/gc-Presentation_Manyika_10Nov14.pdf,https://www.un.org/esa/ffd/wp-content/uploads/2014/11/gc-Presentation_Manyika_10Nov14.pdf,dl_11bb688d833fb2f6,downloaded,
d6b262d0c32e44fd,slideworks_mckinsey,"McKinsey - Digital Economy: Trends, Opportunities and Challenges (date unknown)",McKinsey,https://www.ntia.gov/files/ntia/publications/james_manyika_digital_economy_deba_may_16_v4.pdf,https://www.ntia.gov/files/ntia/publications/james_manyika_digital_economy_deba_may_16_v4.pdf,dl_05cf17d97c3ce026,downloaded,
ebfc377f90778994,slideworks_mckinsey,McKinsey - Execute with Excellence: Micropractices (2022),McKinsey,https://www.scribd.com/document/831722380/Execute-with-Excellence-Micropractices,,,unresolved,no_public_document_link_within_three_hops
3d58a7fb712b969e,slideworks_mckinsey,McKinsey - Structure your argument: Try it now - Communicating for Impact (2020),McKinsey,https://www.slideshare.net/slideshow/cfil4tryitnowpptx/265635457,,,unresolved,no_public_document_link_within_three_hops
9fe36b72eed65039,slideworks_mckinsey,McKinsey - Developing Adaptable and Resilient Mindsets: Interactive workbook (2020),McKinsey,https://www.slideshare.net/slideshow/580827962mckinseytraining118pdf/258605697,,,unresolved,no_public_document_link_within_three_hops
d355f431452df336,slideworks_mckinsey,McKinsey - Five Problem Solving Approaches: Overview - Problem Solving (2020),McKinsey,https://www.slideshare.net/slideshow/580827935mckinseytraining13pdf/258605683,,,unresolved,no_public_document_link_within_three_hops
72d95185d7a48168,slideworks_mckinsey,McKinsey - Problem-Solving Toolkit - Problem Solving (2020),McKinsey,https://www.slideshare.net/slideshow/psproblemsolvingtoolkitpptx/255891804,,,unresolved,no_public_document_link_within_three_hops
44273177b3c8103a,slideworks_mckinsey,McKinsey - Hypothesis-led approach - Problem Solving (2020),McKinsey,https://www.slideshare.net/slideshow/580827931mckinseytraining12pdf/258605630,,,unresolved,no_public_document_link_within_three_hops
fa6eeb678cea3cce,slideworks_mckinsey,McKinsey - 7 Steps of Problem Solving: QP Case Analysis Competition (2014),McKinsey,https://www.scribd.com/document/508598703/McKinsey-Company-7-Steps-of-Problem-Solving-2014,,,unresolved,no_public_document_link_within_three_hops
c57c6ae9fb520c9c,slideworks_mckinsey,McKinsey - Persuasive problem solving in 7 steps: Training session materials (2011),McKinsey,https://www.scribd.com/document/465196081/2011-1011-PS-Training-Presentation,,,unresolved,no_public_document_link_within_three_hops
2516ba12e566bbe3,slideworks_mckinsey,McKinsey - Take a Step. Forward. - My Learning Workbook (date unknown),McKinsey,https://www.slideshare.net/slideshow/forward-learning-workbook-pdffhfxfvhxx-n/269591733,,,unresolved,no_public_document_link_within_three_hops
7e5c40ebb3195e59,slideworks_mckinsey,McKinsey - The Secret of Transformations (2019),McKinsey,https://ibgcsitenovo.blob.core.windows.net/ibgcsitenovo/Eventos/Material/Rami%20Goldfajn_15h35-16h25.pdf,,,robots_disallowed,robots_disallowed
ce0173c20b2350f1,slideworks_mckinsey,McKinsey - Top Ten Customer Airport Complaints (2016),McKinsey,https://www.slideshare.net/slideshow/from-touchpoints-to-journeys-seeing-the-world-as-customers-do/59845066,,,unresolved,no_public_document_link_within_three_hops
93d3110a11c36191,slideworks_mckinsey,McKinsey - McKinsey Quarterly 50th Anniversary Highlights (2015),McKinsey,https://www.slideshare.net/slideshow/mckinsey-quarterly-50th-anniversary-highlights/44519082,,,unresolved,no_public_document_link_within_three_hops
8b654915782d10b2,slideworks_mckinsey,McKinsey - How companies can capture the veteran opportunity (2012),McKinsey,https://toolkit.vets.syr.edu/wp-content/uploads/2012/11/Presentation-1-20120911-Veteran-opportunity.pdf,,,robots_disallowed,robots_disallowed
61bf61571f04f4ab,slideworks_mckinsey,McKinsey - Global Best Practices in Culture and Capability Building (date unknown),McKinsey,https://www.scribd.com/document/518614599/presentation2020-14,,,unresolved,no_public_document_link_within_three_hops
e3a00771cb5ad5c4,slideworks_mckinsey,McKinsey - The Five Frames – A Guide to Transformational Change (date unknown),McKinsey,https://www.alexanderjarvis.com/mckinsey-the-five-frames-a-guide-to-transformational-change/,,,unresolved,no_public_document_link_within_three_hops
9f137c2bf874e544,slideworks_mckinsey,McKinsey - Business plan preparation: Manual for Entrepreneurs (date unknown),McKinsey,https://www.scribd.com/document/508598793/McKinsey-Company-Manual-for-Entrepreneurs-2014,,,unresolved,no_public_document_link_within_three_hops
91ee96d1463e7a05,slideworks_mckinsey,case against McKinsey's involvement in the opioid crisis and their conflict of interest while consulting both for pharma companies and the FDA simultaneously,McKinsey,https://oversightdemocrats.house.gov/imo/media/doc/2022-04-13.McKinsey%20Opioid%20Conflicts%20Majority%20Staff%20Report%20FINAL.pdf,https://oversightdemocrats.house.gov/imo/media/doc/2022-04-13.McKinsey%20Opioid%20Conflicts%20Majority%20Staff%20Report%20FINAL.pdf,dl_65723b51e7c5330b,downloaded,
23046b710fbec620,slideworks_mckinsey,Download the presentation here.,,https://www.digitalhealth.net/includes/images/news0254/PDF/overview-evidence-review-of-data-and-information.pdf,,,robots_disallowed,robots_disallowed
a02e707c41736761,slideworks_mckinsey,Download the presentation here.,,https://assets.publishing.service.gov.uk/government/uploads/system/uploads/attachment_data/file/65626/7035-capturing-full-elec-eff-potential-edr.pdf,,,robots_disallowed,robots_disallowed
43ddb61de3e9cc84,slideworks_mckinsey,Download the presentation here.,,https://about.usps.com/future-postal-service/mckinsey-usps-future-bus-model2.pdf,https://about.usps.com/future-postal-service/mckinsey-usps-future-bus-model2.pdf,dl_a3329096a2480b27,duplicate,SHA-256 identical to canonical file
4055ae1fdb6928ab,slideworks_mckinsey,Download the presentation here.,,https://stoptb.org/assets/documents/about/cb/meetings/17/2.09-03%20Strengthening%20Performance%20Management%20in%20the%20Partnership/2.09-03.1%20Helping%20Global%20Health%20Partnerships%20to%20Increase%20their%20Impact.pdf,,,robots_disallowed,robots_disallowed
4b58533db0a38cb4,ampler_bcg,Project US Mail Volumes to 2020 (2010),,https://www.alexanderjarvis.com/wp-content/uploads/2021/12/BCG-Projecting-US-Mail-Volumes-to-2020.pdf,,,unresolved,no_public_document_link_within_three_hops
7214b27b780385a8,ampler_bcg,Reshaping NYCHA support functions – Key findings and recommendations (2012),EY,https://www.nyc.gov/assets/nycha/downloads/pdf/BCG-report-NYCHA-Key-Findings-and-Recommendations-8-15-12vFinal.pdf,https://www.nyc.gov/assets/nycha/downloads/pdf/BCG-report-NYCHA-Key-Findings-and-Recommendations-8-15-12vFinal.pdf,dl_6a820bcf7a2c4810,downloaded,
be7a7af8660b3512,ampler_bcg,Evaluating NYC media sector development setting the stage for future growth (2012),,https://www.nyc.gov/html/film/downloads/pdf/Media_in_NYC_2012.pdf,https://www.nyc.gov/html/film/downloads/pdf/Media_in_NYC_2012.pdf,dl_41c49c3447565978,downloaded,
97245721471c2e73,ampler_bcg,The Open Education Resources ecosystem: Evaluation of OER movement’s current state and its progress toward mainstream adoption (2013),,https://www.hewlett.org/wp-content/uploads/2016/08/The%20Open%20Educational%20Resources%20Ecosystem.pdf,https://www.hewlett.org/wp-content/uploads/2016/08/The%20Open%20Educational%20Resources%20Ecosystem.pdf,dl_b9e4aa74e06ec2fb,downloaded,
26a923a09d99a140,ampler_bcg,How to improve the connection between Swedish start-ups and corporations? (2016),,http://static2.snowfire.io/accounts/14796/files/219.pdf?t=o4z026,http://static2.snowfire.io/accounts/14796/files/219.pdf?t=o4z026,dl_337f0a9a047e7cb2,downloaded,
c57f6a72badf26ae,ampler_bcg,Campus Reopening Guide (2020),,https://sfs411.wsu.edu/media/762362/20200622-campus-planning-guide.pptx,,,robots_disallowed,robots_disallowed
4dfc1bf69b0cb25c,ampler_bcg,Next Generation Manufacturing (2016),,https://www.gita.org.in/Attachments/Reports/BCG-CII-Report-Next-Gen-Mfg-Nov-2016_.PDF,,,robots_disallowed,robots_disallowed
2df9a43769db95ae,ampler_bcg,Luxury Global Consumer Insight (2018),,https://www.luxurydaily.com/wp-content/uploads/2018/05/State-of-Luxury-2018-Boston-Consulting-Group-presentation-by-Sarah-Willersdorf.pptx,,,robots_disallowed,robots_disallowed
b8c6679e66513d27,ampler_bcg,Digital Marketing Maturity study – Australia & New Zealand (2018),,https://think.storage.googleapis.com/docs/BCG-Google-AUNZ-Digital-Marketing-Maturity-Report.pdf,,,dead_link,http_404
cc4629e085acfe36,ampler_bcg,Digital consumer spending in India: A $100 Bn opportunity (2018),,https://think.storage.googleapis.com/docs/digital-consumer-spending-in-india-launch-presentation.pdf,,,dead_link,http_404
c05621190329e3f9,ampler_bcg,The end of management as we know it? – Could agile can be an antidote to this crisis? (2019),,https://www.ipsos.com/sites/default/files/ct/news/documents/2019-09/bcg_theendofmanagement.pdf,https://www.ipsos.com/sites/default/files/ct/news/documents/2019-09/bcg_theendofmanagement.pdf,dl_4b2948011bc6961e,downloaded,
07f9f416d2155385,ampler_bcg,Era of Constant Change – Transformational Leadership (2019),,https://www.zdruzenje-manager.si/assets/Uploads/PPT-Jim-Hemerling.pptx,https://www.zdruzenje-manager.si/assets/Uploads/PPT-Jim-Hemerling.pptx,dl_155e8c2451750595,downloaded,
b0fae776bbdedec1,ampler_bcg,APS Review: Future trends and scenario planning to 2030 – APS Megatrend Survey (2019),EY,https://www.apsreview.gov.au/sites/default/files/news/appendix-aps-megatrend-survey.pptx,,,unresolved,no_public_document_link_within_three_hops
9059449b71e727f4,ampler_bcg,Global Restart: Key Dynamics COVID-19 (2020),EY,https://media-publications.bcg.com/BCG-COVID-19-BCG-Perspectives-Version13.pdf,,,robots_disallowed,robots_disallowed
cbf9e736d1e001ff,ampler_bcg,Fast-moving consumer goods: Driving value creation in an era of disruption (2020),,https://connect.bcg.com/data/uploads/sites/1371/2020/10/Future-of-FMCG-Web-20201029-1.pptx,,,robots_disallowed,robots_disallowed
5f62e805f6eed31a,ampler_bcg,The Race for Innovation Executive Perspectives (2021),,https://media-publications.bcg.com/BCG-Executive-Perspectives-Race-for-Innovation.pdf,,,robots_disallowed,robots_disallowed
cb07ef60472cc591,ampler_bcg,Luxury Global Consumer Insight (2021),,https://web-assets.bcg.com/f2/f1/002816bc4aca91276243c72ee57d/bcgxaltagamma-true-luxury-global-consumer-insight-2021.pdf?linkId=137588946,,,robots_disallowed,robots_disallowed
b3ab39d72cabfe21,ampler_bcg,The Future of Sales and Marketing Is Here 2022),,https://media-publications.bcg.com/BCG-Executive-Perspectives-2022-Future-of-Marketing-and-Sales.pdf,,,robots_disallowed,robots_disallowed
7119a839fd14a405,ampler_bcg,Investor Perspectives Series Pulse Check #21 (2022),,https://web-assets.bcg.com/58/ed/0c59f92f40059f65c55a77289af0/investor-pulse-21-slideshow-221025.pdf,,,robots_disallowed,robots_disallowed
1406e57560fc4dfd,ampler_bcg,"Rates of Success, Goals, and Future Priorities of Digital Transformations, by Sector (2022)",,https://media-publications.bcg.com/BCG-IT-Services-the-Rates-of-Success-Goals-and-Future-Priorities-of-Digital-Transformations-by-Sector-April-2022.pdf,,,robots_disallowed,robots_disallowed
747a407327d2b23e,ampler_bcg,Academic program,,https://my.ampler.io/alumni/academic-program,,,robots_disallowed,robots_disallowed
4b9292c6f2f73244,slideworks_bcg,BCG - Commercial Trading BU SteerCo 1 Pre-read (2025),BCG,https://www.scribd.com/presentation/906146099/2025-06-18-Trading-SteerCo-1-Pre-read,,,unresolved,no_public_document_link_within_three_hops
62aa7440995cf061,slideworks_bcg,BCG - Bank of Maharashtra: Q3-FY23 Results (2023),BCG,https://www.scribd.com/presentation/728635545/Bank-of-Maharashtra-10022023,,,unresolved,no_public_document_link_within_three_hops
fe9268313b57f40f,slideworks_bcg,BCG - The Economic Impact of Ford and the F-Series (2020),BCG,https://web-assets.bcg.com/7d/5a/e954da90470ea56dce1472a74abd/bcg-the-economic-impact-of-ford-and-the-f-series-sept-2020-v2.pdf,,,robots_disallowed,robots_disallowed
9f727098239c97c3,slideworks_bcg,BCG - Campus Reopening Guide (2020),BCG,https://sfs411.wsu.edu/media/762362/20200622-campus-planning-guide.pptx,,,robots_disallowed,robots_disallowed
c7c27f388e834acb,slideworks_bcg,BCG - Nursing Facility Task Force: Massachusetts Healthcare Collaborative (2019),BCG,https://www.mass.gov/doc/october-18-2019-presentation-eolwd/download,https://www.mass.gov/doc/october-18-2019-presentation-eolwd/download,dl_6139cba2b5f19d18,downloaded,
a9dfb41e1cd5e253,slideworks_bcg,BCG - Progress Review of NHAI Regional Offices (2017),BCG,https://www.scribd.com/presentation/344099196/NHAI-RO-Gandhinagar-V1,,,unresolved,no_public_document_link_within_three_hops
b936057a7438c125,slideworks_bcg,BCG - RO Gandhinagar Minister Review (2017),BCG,https://www.scribd.com/presentation/346435665/RO-Gandhinagar-Minister-Review,,,unresolved,no_public_document_link_within_three_hops
669f7a8c87f31277,slideworks_bcg,BCG - Budgetanalyse af Forsvaret 2017 (2017) [IN DANISH],BCG,https://www.fmn.dk/globalassets/fmn/dokumenter/forlig/-konsulentrapport-budgetanalyser-af-forsvaret-2017-.pdf,https://www.fmn.dk/globalassets/fmn/dokumenter/forlig/-konsulentrapport-budgetanalyser-af-forsvaret-2017-.pdf,dl_f8ae740778b6acd9,downloaded,
b2693fb85e10d111,slideworks_bcg,BCG - Budgetanalyse af Forsvaret 2017 Materialesamling – Del 2 (2017) [IN DANISH],BCG,https://www.fmn.dk/globalassets/fmn/dokumenter/forlig/-materialesamling-del-2-det-understoettende-materiel-og-it-omraade-.pdf,https://www.fmn.dk/globalassets/fmn/dokumenter/forlig/-materialesamling-del-2-det-understoettende-materiel-og-it-omraade-.pdf,dl_6a7825eb3878c286,downloaded,
b0bf14b672df5848,slideworks_bcg,BCG - Melbourne as a Global Cultural Destination - Final Report (Summary) (2017),BCG,https://www.alexanderjarvis.com/bcg-melbourne-as-a-global-cultural-destination/,,,unresolved,no_public_document_link_within_three_hops
455421af7c46e5e6,slideworks_bcg,BCG - Project SAKSHAM: Driving Sustainable Performance Transformation -Preliminary discussion on Copper - (2016),BCG,https://www.scribd.com/presentation/417562509/Copper-Prelim-Deck,,,unresolved,no_public_document_link_within_three_hops
8e729216f5afda96,slideworks_bcg,BCG - Loose dogs in Dallas: Strategic Recommendations to Improve Public Safety and Animal Welfare - Presentation of findings to City Council (2016),BCG,https://dallascityhall.com/government/Council%20Meeting%20Documents/loose-dogs-in-dallas-strategic-recommendations-to-improve-public-safety-and-animal-welfare_combined_083016.pdf,https://dallascityhall.com/government/Council%20Meeting%20Documents/loose-dogs-in-dallas-strategic-recommendations-to-improve-public-safety-and-animal-welfare_combined_083016.pdf,dl_8890588fa5959173,downloaded,
6b997a6974ac3e65,slideworks_bcg,BCG - Interim Project Update To Dallas Animal Shelter Commission (2016),BCG,https://www.alexanderjarvis.com/bcg-bcg-interim-project-update-to-dallas-animal-shelter-commission/,,,unresolved,no_public_document_link_within_three_hops
ec4f0f72a2ae9f8d,slideworks_bcg,BCG - Corporate Ventures in Sweden: How to improve the connection between Swedish start-ups and corporations? (2016),BCG,http://static2.snowfire.io/accounts/14796/files/219.pdf?t=o4z026,http://static2.snowfire.io/accounts/14796/files/219.pdf?t=o4z026,dl_337f0a9a047e7cb2,duplicate,SHA-256 identical to canonical file
bf7e43783a92d590,slideworks_bcg,BCG - Victoria's Creative and Cultural Economy - Fact Pack (2015),BCG,https://wecreate.org.nz/wp-content/uploads/BCG-Victoria-Creative-Cultural-Economy-2015.pdf,https://wecreate.org.nz/wp-content/uploads/BCG-Victoria-Creative-Cultural-Economy-2015.pdf,dl_735010653b75c61e,downloaded,
4b3599eba42b028c,slideworks_bcg,BCG - Unlocking the growth opportunity of the 'Responsible Consumer' - Unilever work session (2015),BCG,https://www.alexanderjarvis.com/bcg-unlocking-the-growth-opportunity-of-the-responsible-consumer-unilever-discussion/,,,unresolved,no_public_document_link_within_three_hops
61dfc12873796d22,slideworks_bcg,BCG - Project Udaan – Strategic roadmap for Projects Business (2014),BCG,https://www.scribd.com/presentation/613885875/01-Market-Attractiveness-VF-Ind-EPC,,,unresolved,no_public_document_link_within_three_hops
64e8b9619e3ea1bc,slideworks_bcg,BCG - Project Denali: Dell and Pivotal deal (2013),BCG,https://www.alexanderjarvis.com/bcg-dell-and-pivotal-combination/,,,unresolved,no_public_document_link_within_three_hops
94c7aca0d88a2a27,slideworks_bcg,BCG - The Open Education Resources ecosystem: An evaluation of the OER movement’s current state and its progress toward mainstream adoption (2013),BCG,https://www.hewlett.org/wp-content/uploads/2016/08/The%20Open%20Educational%20Resources%20Ecosystem.pdf,https://www.hewlett.org/wp-content/uploads/2016/08/The%20Open%20Educational%20Resources%20Ecosystem.pdf,dl_b9e4aa74e06ec2fb,duplicate,SHA-256 identical to canonical file
eb5b55203190c7ca,slideworks_bcg,BCG - Reshaping NYCHA support functions - BCG Engagement: key findings and recommendations (2012),BCG,https://www.nyc.gov/assets/nycha/downloads/pdf/BCG-report-NYCHA-Key-Findings-and-Recommendations-8-15-12vFinal.pdf,https://www.nyc.gov/assets/nycha/downloads/pdf/BCG-report-NYCHA-Key-Findings-and-Recommendations-8-15-12vFinal.pdf,dl_6a820bcf7a2c4810,duplicate,SHA-256 identical to canonical file
1065374ff72c7be1,slideworks_bcg,BCG - Evaluating NYC media sector development and setting the stage for future growth: Final Report (2012),BCG,https://www.nyc.gov/html/film/downloads/pdf/Media_in_NYC_2012.pdf,https://www.nyc.gov/html/film/downloads/pdf/Media_in_NYC_2012.pdf,dl_41c49c3447565978,duplicate,SHA-256 identical to canonical file
36712122682fa732,slideworks_bcg,BCG - Study on enhancing the competitiveness of the iron and steel industry in Malaysia: Final report (2012),BCG,https://www.alexanderjarvis.com/bcg-study-on-enhancing-the-competitiveness-of-the-iron-and-steel-industry-in-malaysia/,,,unresolved,no_public_document_link_within_three_hops
a57ddbdbba7fe158,slideworks_bcg,BCG - BCG Assessment of Pathways to Education - Executive Summary (2011),BCG,https://www.alexanderjarvis.com/wp-content/uploads/2023/04/BCG-Assessment-of-Pathways-to-Education-Executive-Summary.-February-2011.pdf,,,unresolved,no_public_document_link_within_three_hops
422d542ec47c2247,slideworks_bcg,BCG - Healthcare System Reform and Short-term Opportunities - Iceland Health Care System project (2011),BCG,https://www.alexanderjarvis.com/bcg-healthcare-system-reform-and-short-term-opportunities/,,,unresolved,no_public_document_link_within_three_hops
6bb1b58724220aad,slideworks_bcg,BCG - Project US Mail Volumes to 2020 (2010),BCG,https://www.alexanderjarvis.com/wp-content/uploads/2021/12/BCG-Projecting-US-Mail-Volumes-to-2020.pdf,,,unresolved,no_public_document_link_within_three_hops
c412df02af0f5fe3,slideworks_bcg,BCG - Value guided healthcare as a platform for industrial development in Sweden - feasibility study: Final Documentation (2009),BCG,https://www.alexanderjarvis.com/bcg-value-guided-healthcare-as-a-platform-for-industrial-development-in-sweden/,http://www.forskasverige.se/wp-content/uploads/Value-Based-Health-Care.pdf,dl_14a02c7150ab2533,duplicate,SHA-256 identical to canonical file
8a25b64492b74cb1,slideworks_bcg,BCG - Value guided healthcare as a platform for industrial development in Sweden - feasibility study: Conference presentation (2009),BCG,https://silo.tips/download/value-guided-healthcare-as-a-platform-for-industrial-development-in-sweden-feasi-4,,,unresolved,no_public_document_link_within_three_hops
8a081c9a4c05890a,slideworks_bcg,BCG - Cost Efficiency in Delaware Education: Final report on efficiency opportunities (2008),BCG,https://www.scribd.com/document/3197584/lead1,,,unresolved,no_public_document_link_within_three_hops
8ae63353ef10ada4,slideworks_bcg,BCG - Cost Efficiency in Delaware Education: Appendix to final report on efficiency opportunities (2008),BCG,https://www.scribd.com/document/3197593/lead2,,,unresolved,no_public_document_link_within_three_hops
5ca3afbe4b189211,slideworks_bcg,BCG - Port of Los Angeles Clean Truck Program: Presentation to the Los Angeles Board of Harbor Commissioners (2008),BCG,https://www.slideshare.net/slideshow/bcg-port-of-los-angelespdf/258286656,,,unresolved,no_public_document_link_within_three_hops
6daeaf8ad04dab9f,slideworks_bcg,BCG - San Pedro Bay Clean Truck Program: CTP options analysis (2008),BCG,https://www.alexanderjarvis.com/bcg-san-pedro-bay-clean-truck-program/,,,unresolved,no_public_document_link_within_three_hops
c364846277915a2f,slideworks_bcg,BCG - Proposal for Spend Analysis and Procurement Consulting Services for the Commonwealth of Virginia (2022),BCG,https://bloximages.newyork1.vip.townnews.com/richmond.com/content/tncms/assets/v3/editorial/0/07/007c62da-5bcc-517c-88b6-438aff9f5bbf/638a6fc44b48c.pdf.pdf,https://bloximages.newyork1.vip.townnews.com/richmond.com/content/tncms/assets/v3/editorial/0/07/007c62da-5bcc-517c-88b6-438aff9f5bbf/638a6fc44b48c.pdf.pdf,dl_d35f8b77c271aae5,downloaded,
bd9605fbb646f29b,slideworks_bcg,BCG - Request For Proposal (RFP): For Strategic Management Consulting Services (2022),BCG,https://www.omniapartners.com/suppliers-files/A-D/The_Boston_Consulting_Group_Inc/Contract_Documents/14-16/BCG_Response.pdf,,,unresolved,no_public_document_link_within_three_hops
bc78635694fd0a96,slideworks_bcg,BCG - Interoperables Verfahren für Internet und mobile Zahlungen: Angebot zur Erstellung eines Feinkonzepts (2012),BCG,https://www.alexanderjarvis.com/bcg-interoperables-verfahren-fur-interned-und-mobile-zahlungen/,,,unresolved,no_public_document_link_within_three_hops
f3baccb779bfd428,slideworks_bcg,BCG - Perspective on Consulting and BCG (2022),BCG,https://www.scribd.com/presentation/614058086/Sandeep,,,unresolved,no_public_document_link_within_three_hops
22641ac35aace00d,slideworks_bcg,"BCG - STAR: Sinarmas Training and Development Academy - Driving Analysis to Insight: Getting to the ""So What"" (2017)",BCG,https://www.scribd.com/document/579923710/CTT-5A-Getting-to-the-So-What-Document-To-Share,,,unresolved,no_public_document_link_within_three_hops
d5d7fd8796b8b750,slideworks_bcg,BCG - Candidate Screening Criteria (2017),BCG,https://www.scribd.com/document/897847173/Copy-of-BCG-Screening-Criteria,,,unresolved,no_public_document_link_within_three_hops
0671a9cacf3bbb41,slideworks_bcg,BCG - BCG's approach to portfolio strategy – Evolution from the 1960's growth/share matrix to today's frameworks (2016),BCG,https://www.scribd.com/document/360680822/BCG-Guest-Lecture,,,unresolved,no_public_document_link_within_three_hops
a7fd1dd1df690381,slideworks_bcg,BCG - BCG Case Study Workshop (date unknown),BCG,https://www.scribd.com/presentation/517448262/Case-Study-Workshop-Slides-21Oct,,,unresolved,no_public_document_link_within_three_hops
6a0ff0f9c94b5928,slideworks_bcg,BCG - Chicken Pox vaccine - 1st round interview (date unknown),BCG,https://www.scribd.com/document/640088977/Untitled,,,unresolved,no_public_document_link_within_three_hops
642fc37f388e48dd,slideworks_bcg,BCG - Amazonian dinosaur - 1st round interview (date unknown),BCG,https://www.scribd.com/document/611389292/BCG-Round-1-Amazonian-Dinosaur-3-1,,,unresolved,no_public_document_link_within_three_hops
3fbc2fe1a64684e5,slideworks_bcg,BCG - Online Case Experience Practice Case Answer Guide (date unknown),BCG,https://www.scribd.com/document/686007766/Practice-Online-Case-Answer-Guide,,,unresolved,no_public_document_link_within_three_hops
36562e0aacf214e6,slideworks_bcg,"BCG - Frozen food performance, Mock interviews (date unknown)",BCG,https://www.scribd.com/document/718854082/Frozen-Pizza,,,unresolved,no_public_document_link_within_three_hops
0dea90f3704a9823,slideworks_bcg,"BCG - In the Race to Adopt AI, Asia-Paciﬁc Is the Region to Watch (2025)",BCG,https://www.scribd.com/document/917961343/Apac-Genai-Adoption-Slideshow-March-2025,,,unresolved,no_public_document_link_within_three_hops
7b38463e519fd762,slideworks_bcg,BCG - Unlocking Potential from AI and GenAI: Finance (2024),BCG,https://www.scribd.com/document/808173915/BCG-AI-Playbook-for-Finance-Leaders-1734453210,,,unresolved,no_public_document_link_within_three_hops
ec40c5d10a4d20b4,slideworks_bcg,BCG - Unlocking Impact from AI: Customer Service Operations (2024),BCG,https://www.scribd.com/document/815803891/BCG-CEO-AI-Customer-Service-Operations-2024-24-Pgs,,,unresolved,no_public_document_link_within_three_hops
30c93140b29567f5,slideworks_bcg,BCG - BCG AI Radar - From Potential to Proﬁt with GenAI (2024),BCG,https://www.scribd.com/document/706685240/BCG-X-C-SUITE-AI-Jan24,,,unresolved,no_public_document_link_within_three_hops
19d3e35b0f05d83d,slideworks_bcg,BCG - Retail Media 3.0: How to Future Proof Your RMN (2024),BCG,https://www.scribd.com/document/803188607/240426-Retail-Media-3-0-Sneak-Peak-27,,,unresolved,no_public_document_link_within_three_hops
ea601aa5d3443361,slideworks_bcg,BCG - 2023 India M&A Report (2023),BCG,https://www.scribd.com/document/653479750/Bcg-2023-India-m-a-Report-Vff,,,unresolved,no_public_document_link_within_three_hops
dd1a34b68bea53bb,slideworks_bcg,BCG - BCG TRANSFORM AND SPECIAL SITUATIONS INDEX: Why One in Five European Companies Needs to Transform (2024),BCG,https://web-assets.bcg.com/62/47/af161e544e74baa6f0e344df90af/bcg-transformation-special-situation-index-slideshow-june-2024-edit.pdf,,,robots_disallowed,robots_disallowed
06d812e7c9a84410,slideworks_bcg,BCG - Gen Z Attitudes Toward Higher Education: Community colleges versus four-year degrees (2023),BCG,https://web-assets.bcg.com/1a/77/920dd8fc4a5b85095de72eca7ef1/bcgxany-gen-z-attitudes-toward-higher-education-slideshow-090124.pdf,,,robots_disallowed,robots_disallowed
0738ba4e329211c7,slideworks_bcg,"BCG - Impact of IRA, IIJA, CHIPS, and Energy Act of 2020 on Clean Technologies (2023)",BCG,https://www.congress.gov/118/meeting/house/116005/documents/HHRG-118-IF02-20230523-SD003.pdf,https://www.congress.gov/118/meeting/house/116005/documents/HHRG-118-IF02-20230523-SD003.pdf,dl_f589cc025b4610a9,downloaded,
1da25ec7518c911b,slideworks_bcg,BCG - Leadership with a Powerful Purpose (2023),BCG,https://www.scribd.com/document/806823591/BCG-leadership-powerful-purpose-may-2023-r,,,unresolved,no_public_document_link_within_three_hops
033be148f288e7f3,slideworks_bcg,BCG - The Future of Sales and Marketing Is Here Executive Perspectives (2022),BCG,https://www.scribd.com/presentation/874576582/BCG-Executive-Perspectives-2022-Future-of-Marketing-and-Sales,,,unresolved,no_public_document_link_within_three_hops
323a37a20a626017,slideworks_bcg,BCG - The CEO’s Dilemma - Building Resilience Through Competitive Cost Position (2022),BCG,https://www.scribd.com/document/616415086/BCG-Executive-Perspectives-CEOs-Dilemma-Competitive-Cost-Advantage,,,unresolved,no_public_document_link_within_three_hops
e79ad91e3ffe9bd2,slideworks_bcg,BCG - The CEO’s Dilemma - Transform for Resilience (2022),BCG,https://www.scribd.com/document/616415454/BCG-Executive-Perspectives-CEOs-Dilemma-Transform-for-Resilience,,,unresolved,no_public_document_link_within_three_hops
59328917a707aa26,slideworks_bcg,BCG - BCG Investor Perspectives Series Pulse Check #21 (2022),BCG,https://web-assets.bcg.com/58/ed/0c59f92f40059f65c55a77289af0/investor-pulse-21-slideshow-221025.pdf,,,robots_disallowed,robots_disallowed
4660c20c61f02442,slideworks_bcg,"BCG - IT Services - The Rates of Success, Goals, and Future Priorities of Digital Transformations, by Sector (2022)",BCG,https://media-publications.bcg.com/BCG-IT-Services-the-Rates-of-Success-Goals-and-Future-Priorities-of-Digital-Transformations-by-Sector-April-2022.pdf,,,robots_disallowed,robots_disallowed
12b9b860a9a20fe5,slideworks_bcg,BCG - Artificial Intelligence: Ready to Ride the Wave? (2021),BCG,https://www.scribd.com/document/824199826/BCG-Executive-Perspectives-AI-Ready-to-Ride-the-Wave,,,unresolved,no_public_document_link_within_three_hops
80b304ae30249c7f,slideworks_bcg,BCG - IT Services Quarterly overview (2021),BCG,https://www.scribd.com/document/722174007/IT-Services-Quarterly-Overview-Q4FY21,,,unresolved,no_public_document_link_within_three_hops
6b3f912aa72a859b,slideworks_bcg,BCG - Measure To Grow: Drive Double-Digit Growth by Measuring Marketing Right (2021),BCG,https://www.scribd.com/document/552029559/10000000-1287374281726247-617238189426121682-n,,,unresolved,no_public_document_link_within_three_hops
60eea55df951670e,slideworks_bcg,BCG - Digital Ventures - Green Venture opportunities (2021),BCG,https://www.slideshare.net/slideshow/green-venture-opportunities/250597693,,,unresolved,http_410
e39321dfd27c8be3,slideworks_bcg,BCG - The Race for Innovation Executive Perspectives (2021),BCG,https://media-publications.bcg.com/BCG-Executive-Perspectives-Race-for-Innovation.pdf,,,robots_disallowed,robots_disallowed
9303c61bb3cadb5b,slideworks_bcg,BCG - BCG Telco Sustainability Index 2020 (2021),BCG,https://www.slideshare.net/TheBostonConsultingGroup/bcg-telco-sustainability-index,,,dead_link,http_404
25478e3d8892bbbc,slideworks_bcg,BCG - What’s Chipping Away at Automotive Production (2021),BCG,https://www.slideshare.net/TheBostonConsultingGroup/whats-chipping-away-at-automotive-production-243718356,,,dead_link,http_404
e6dee1d7587af1b1,slideworks_bcg,BCG - Upstream O&G M&A environment (2020),BCG,https://www.scribd.com/document/671148064/BCG-Upstream-M-A,,,unresolved,no_public_document_link_within_three_hops
56702a49fa571510,slideworks_bcg,BCG - Navigating through COVID-19 and oil supply-demand shock (2020),BCG,https://www.scribd.com/document/671147794/BCG-COVID-19-Oil-Supply-Demand-Sock,,,unresolved,no_public_document_link_within_three_hops
e649b925bf3de3b8,slideworks_bcg,BCG - Win The Fight: Crush and Contain for Safer Reopening (2020),BCG,https://www.slideshare.net/slideshow/win-the-fight-crush-and-contain-for-safer-reopening/238800224,,,unresolved,http_410
9edf58160c62c3da,slideworks_bcg,BCG - What Does the Recovery of Demand for Urban Mobility Look Like Post-COVID-19? (2020),BCG,https://www.slideshare.net/slideshow/what-does-the-recovery-of-demand-for-urban-mobility-look-like-postcovid19-236725338/236725338,,,unresolved,http_410
022451c985ddc9ea,slideworks_bcg,BCG - Urban Mobility Is Evolving in Unexpected Ways Due to COVID-19 (2020),BCG,https://www.slideshare.net/slideshow/urban-mobility-is-evolving-in-unexpected-ways-due-to-covid19/238925292,,,unresolved,http_410
bdfc63fc29f7cfda,slideworks_bcg,BCG - Global Restart: Key Dynamics COVID-19 BCG Perspectives Series (2020),BCG,https://media-publications.bcg.com/BCG-COVID-19-BCG-Perspectives-Version13.pdf,,,robots_disallowed,robots_disallowed
4779de38eab44e37,slideworks_bcg,BCG - COVID-19 Rapid Response Crisis Checklist (2020),BCG,https://www.slideshare.net/slideshow/covid19-rapid-response-crisis-checklist/231513283,,,unresolved,http_410
20b0c644f4a26f21,slideworks_bcg,BCG - What's Keeping Women out of Data Science? (press deck) (2020),BCG,https://www.slideshare.net/slideshow/whats-keeping-women-out-of-data-science-press-deck-228656888/228656888,,,unresolved,http_410
f81fe0cfe199f098,slideworks_bcg,BCG - Driving Change in Racial Equity (2020),BCG,https://www.slideshare.net/slideshow/driving-change-in-racial-equity/237381793,,,unresolved,http_410
0b2ef87142d8d843,slideworks_bcg,BCG - Fast-moving consumer goods: Driving value creation in an era of disruption (2020),BCG,https://connect.bcg.com/data/uploads/sites/1371/2020/10/Future-of-FMCG-Web-20201029-1.pptx,,,robots_disallowed,robots_disallowed
a70cf6d172459b29,slideworks_bcg,BCG - US CPG Growth Leaders: Who they are and why they win (2020),BCG,https://www.slideshare.net/TheBostonConsultingGroup/2019-cpg-growth-leaders-report,,,dead_link,http_404
6b6d3fcdc46f70ac,slideworks_bcg,BCG - COVID-19 Therapies and Vaccines (2020),BCG,https://www.slideshare.net/deniscohentannoudji/covid19-therapies-and-vaccines,,,unresolved,no_public_document_link_within_three_hops
fe17d17c7b7ab86b,slideworks_bcg,BCG - Retail Banking in the New Reality (2020),BCG,https://www.slideshare.net/TheBostonConsultingGroup/retail-banking-in-the-new-reality-summary-survey-findings-233949037,,,dead_link,http_404
2c993ec4d6a5cc77,slideworks_bcg,BCG - COVID-19 - Urban Mobility Is Evolving in Unexpected Ways (2020),BCG,https://www.slideshare.net/TheBostonConsultingGroup/urban-mobility-is-evolving-in-unexpected-ways-due-to-covid19,,,dead_link,http_404
bd7d4f3bdfa2ff9b,slideworks_bcg,BCG - Academic healthcare networks and international experiences (2019),BCG,https://www.scribd.com/document/879591158/Academic-healthcare-networks-and-international-experiences,,,unresolved,no_public_document_link_within_three_hops
2e1e15d56d9c2c9a,slideworks_bcg,BCG - The Bionic Future (2019),BCG,https://www.slideshare.net/miguelm60/the-bionic-future-future-work-summit,,,unresolved,no_public_document_link_within_three_hops
65a46599f3651652,slideworks_bcg,BCG - Seven Forces Reshaping Enterprise Software (2019),BCG,https://www.slideshare.net/TheBostonConsultingGroup/seven-forces-reshaping-enterprise-software-137739767,,,dead_link,http_404
01649b0045c89419,slideworks_bcg,BCG - Decoding the Chinese Internet 2.0: Get Ready for the Next Chapter (2019),BCG,https://www.slideshare.net/TheBostonConsultingGroup/chinese-internet-economy-white-paper-20-decoding-the-chinese-internet-20-get-ready-for-the-next-chapter-130016382,,,dead_link,http_404
67c6f5ca2e10d6c4,slideworks_bcg,"BCG - Leading in an Era of Constant Change - The Head, Heart, and Hands of Transformational Leadership (2019)",BCG,https://www.zdruzenje-manager.si/assets/Uploads/PPT-Jim-Hemerling.pptx,https://www.zdruzenje-manager.si/assets/Uploads/PPT-Jim-Hemerling.pptx,dl_155e8c2451750595,duplicate,SHA-256 identical to canonical file
9f0e2ead60c417cb,slideworks_bcg,"BCG - The Role of New, Renewable and Clean Energy in Achieving SDG7: Policy, Investment, Technology (2019)",BCG,https://main.pyc-conferences.org/attachments/PYC-Conference-Plenary-Policy-Joel-Kwong-v2.pptx,,,robots_disallowed,robots_disallowed
326d0424edc36b73,slideworks_bcg,BCG - In support of the APS Review: Future trends and scenario planning to 2030 - Appendix – APS Megatrend Survey (2019),BCG,https://www.apsreview.gov.au/sites/default/files/news/appendix-aps-megatrend-survey.pptx,,,unresolved,no_public_document_link_within_three_hops
9f2800c62e10e3a5,slideworks_bcg,BCG - The end of management as we know it? - Could agile can be an antidote to this existential crisis? (2019),BCG,https://www.ipsos.com/sites/default/files/ct/news/documents/2019-09/bcg_theendofmanagement.pdf,https://www.ipsos.com/sites/default/files/ct/news/documents/2019-09/bcg_theendofmanagement.pdf,dl_4b2948011bc6961e,duplicate,SHA-256 identical to canonical file
c51dc037ab3f6833,slideworks_bcg,BCG - The Great Mobility Tech Race: Winning the battle for future profits (2018),BCG,https://www.slideshare.net/slideshow/the-great-mobility-tech-race-winning-the-battle-for-future-profits/86039492,,,unresolved,http_410
363d4cca9522dd44,slideworks_bcg,BCG - What AI & Advanced Analytics mean for strategy (2018),BCG,https://www.slideshare.net/Salesforce_Finland/salesforce-basecamp-helsinki-852018-boston-consulting-group,,,unresolved,no_public_document_link_within_three_hops
393eee546a25bf2f,slideworks_bcg,BCG - Pioneering One Africa: The Companies Blazing a Trail Across the Continent (2018),BCG,https://www.slideshare.net/slideshow/pioneering-one-africa-the-companies-blazing-a-trail-across-the-continent/107717678,,,unresolved,http_410
04953d9d50746c0a,slideworks_bcg,BCG - Shifting Trade Rules and the Future of North America's Auto Industry (2018),BCG,https://www.slideshare.net/TheBostonConsultingGroup/shifting-trade-rules-and-the-future-for-north-americas-auto-industry,,,dead_link,http_404
528298cdf2c3b91c,slideworks_bcg,BCG - 2018 Local Dynamos: Emerging-Market Companies Up Their Game (2018),BCG,https://www.slideshare.net/slideshow/2018-local-dynamos-emergingmarket-companies-up-their-game/120877615,,,unresolved,http_410
d36907165d56eb22,slideworks_bcg,BCG - Global Challengers 2018: Digital Leapfrogs - Research Highlights (2018),BCG,https://www.slideshare.net/TheBostonConsultingGroup/global-challengers-2018-digital-leapfrogs-112989859,,,dead_link,http_404
d24df24ec3a15500,slideworks_bcg,BCG - Takeaways from a Simulated Cyber Attack (2018),BCG,https://www.slideshare.net/slideshow/takeaways-from-a-simulated-cyber-attack/98700272,,,unresolved,http_410
13872b8f08959c9a,slideworks_bcg,BCG - Russian Consumers and the New Economic Reality: Russian Consumer Sentiment 2018 (2018),BCG,https://www.slideshare.net/TheBostonConsultingGroup/russian-consumers-and-the-new-economic-reality,,,dead_link,http_404
5237cbdd39adcb48,slideworks_bcg,BCG - The Great Mobility Tech Race - Winning the battle for future profits (2018),BCG,https://www.slideshare.net/TheBostonConsultingGroup/the-great-mobility-tech-race-winning-the-battle-for-future-profits,,,dead_link,http_404
ebe832b972de814b,slideworks_bcg,BCG - Transforming retail through advanced analytics & AI (2018),BCG,https://tcgsummit.com/wp-content/uploads/2018/04/02_Hepp_Anta_BCG.pptx,https://tcgsummit.com/wp-content/uploads/2018/04/02_Hepp_Anta_BCG.pptx,,validation_failed,corrupt_pptx:File is not a zip file
8209258d5c6d0782,slideworks_bcg,BCG - 2018 True-Luxury Global Consumer Insight (2018),BCG,https://www.luxurydaily.com/wp-content/uploads/2018/05/State-of-Luxury-2018-Boston-Consulting-Group-presentation-by-Sarah-Willersdorf.pptx,,,robots_disallowed,robots_disallowed
9599048c6da849c9,slideworks_bcg,BCG - Understanding the path to digital marketing maturity - Digital Marketing Maturity study - Australia & New Zealand (2018),BCG,https://think.storage.googleapis.com/docs/BCG-Google-AUNZ-Digital-Marketing-Maturity-Report.pdf,,,dead_link,http_404
a2d21b6683f51cd5,slideworks_bcg,BCG - Digital consumer spending in India: A $100 Bn opportunity (Google collaboration) (2018),BCG,https://think.storage.googleapis.com/docs/digital-consumer-spending-in-india-launch-presentation.pdf,,,dead_link,http_404
91cacb85f1972d4c,slideworks_bcg,BCG - Decoding the Chinese Internet (2017),BCG,https://www.slideshare.net/slideshow/decoding-the-chinese-internet/80232995,,,unresolved,http_410
f37490efb7c8fb43,slideworks_bcg,BCG - The True-Luxury Global Consumer Insight (2017),BCG,https://www.slideshare.net/gabrielaotto/bcg-true-luxury-global-cons-insight-2017-presentata,,,unresolved,no_public_document_link_within_three_hops
fef021524d7f6ec3,slideworks_bcg,BCG - Decoding the digital opportunity in retail (2017),BCG,https://www.slideshare.net/indiaRAI/decoding-the-digital-consumer-bcg,,,unresolved,no_public_document_link_within_three_hops
cd4379c9c80d2fe0,slideworks_bcg,BCG - Bringing innovation to the front-line - Vector Control market features and incentives for innovation (2017),BCG,https://www.slideshare.net/FundacionAreces/matthueu-lamiauxenfermedades-transmitidas-por-vectores,,,unresolved,no_public_document_link_within_three_hops
2bb8067d74ec507a,slideworks_bcg,BCG - The Electric Car Tipping Point (2017),BCG,https://www.slideshare.net/TheBostonConsultingGroup/the-electric-car-tipping-point-81666290,,,dead_link,http_404
2503a2262b0c8041,slideworks_bcg,BCG - The Role of The Regulator in Enabling Digitization of The Insurance Industry (2017),BCG,https://www.a-zn.si/wp-content/uploads/7.-Role-of-regulator-in-enabling-the-digitization.pptx,https://www.a-zn.si/wp-content/uploads/7.-Role-of-regulator-in-enabling-the-digitization.pptx,,validation_failed,corrupt_pptx:File is not a zip file
d3b2f0b3cb47163d,slideworks_bcg,BCG - Decoding the Chinese Internet 2.0: Get Ready for the Next Chapter (2017),BCG,http://www.iberchina.org/files/2017/Decoding_Chinese_Internet_bcg.pdf,http://www.iberchina.org/files/2017/Decoding_Chinese_Internet_bcg.pdf,,validation_failed,encrypted
57a2910eca8543d0,slideworks_bcg,BCG - Sprinting to Value in Industry 4.0: Perspectives from and Implications for U.S. Manufacturers (2016),BCG,https://www.slideshare.net/TheBostonConsultingGroup/sprinting-to-value-in-industry-40,,,dead_link,http_404
d5aaf9c735e53c52,slideworks_bcg,BCG - Next Generation Manufacturing - Winning through Technology & Innovation (2016),BCG,https://www.gita.org.in/Attachments/Reports/BCG-CII-Report-Next-Gen-Mfg-Nov-2016_.PDF,,,robots_disallowed,robots_disallowed
c38b4e066395665f,slideworks_bcg,BCG - Private Sector Opportunity to Improve Well-Being (2016),BCG,https://www.slideshare.net/slideshow/private-sector-opportunity-to-improve-wellbeing/65977506,,,unresolved,http_410
71fe861d30ad511a,slideworks_bcg,BCG - 10 Steps To Sustainability (2016),BCG,https://www.slideshare.net/slideshow/10-steps-to-sustainability/62155286,,,unresolved,http_410
f768f0e1d430b25d,slideworks_bcg,BCG - 2014 Biopharmaceutical Partnering Survey (2015),BCG,https://www.slideshare.net/slideshow/2014-biopharmaceutical-partnering-survey/43368922,,,unresolved,http_410
4180f6b452fcdc72,slideworks_bcg,BCG - BCG on Postmerger Integration: A handbook for senior executives (2015),BCG,https://www.slideshare.net/slideshow/bcg-on-pmi-a-handbook-for-senior-executives/43904750#3,,,unresolved,http_410
ac7b9c2cfe250826,slideworks_bcg,BCG - True-Luxury Global Consumer Insight (2015),BCG,https://www.slideshare.net/gabrielaotto/tru-luxury-bcg-20142015,,,unresolved,no_public_document_link_within_three_hops
dd1b34b4cbce84ab,slideworks_bcg,BCG - The Shifting Economics of Global Manufacturing (2015),BCG,https://www.slideshare.net/TheBostonConsultingGroup/the-shifting-economics-of-global-manufacturing,,,dead_link,http_404
3f73b4a38a4c3810,slideworks_bcg,BCG - The Media and Entertainment Industry in NYC: Trends and Recommendations for the Future (2015),BCG,https://www.nyc.gov/assets/mome/pdf/bcg-report-10.15.pdf,https://www.nyc.gov/assets/mome/pdf/bcg-report-10.15.pdf,dl_77b5c29882335a08,downloaded,
842ad958f7dc6383,slideworks_bcg,BCG - Strategic Infrastructure: Steps to Operate and Maintain Infrastructure Efficiently and Effectively (2014),BCG,https://www.slideshare.net/slideshow/overview-of-2014-wef-and-bcg-report-strategic-infrastructure/33134430,,,unresolved,http_410
73a07117a7bc19a7,slideworks_bcg,BCG - Smart Cities – how to master the world's biggest growth challenge (2014),BCG,https://www.slideshare.net/TheBostonConsultingGroup/smart-cities-35846005,,,dead_link,http_404
0155e365893ccebc,slideworks_bcg,BCG - Health Systems Leapfrogging in Emerging Economies (2014),BCG,https://www.slideshare.net/slideshow/health-systems-leapfrogging-in-emerging-economies/34568122,,,unresolved,no_public_document_link_within_three_hops
072245265fd1043c,slideworks_bcg,BCG - Hyperconnected Travel and Transport in Action (2014),BCG,https://www.slideshare.net/slideshow/hyperconnected-travel-and-transport-in-action/35496247,,,unresolved,no_public_document_link_within_three_hops
84038e9b6774b665,slideworks_bcg,BCG - Sustainability's next frontier: Walking the talk on the sustainability issues that matter most (2014),BCG,https://www.slideshare.net/slideshow/sustainabilitys-next-frontier/36515795,,,unresolved,no_public_document_link_within_three_hops
9c07dba84e1004d2,slideworks_bcg,"BCG - Made in America, Again: Third Annual Survey of U.S.-Based Manufacturing Executives (2014)",BCG,https://www.slideshare.net/slideshow/bcg-mfg-survey-key-findings-slideshare-deckoctober-2014f3/40563015,,,unresolved,http_410
ccbd3135d220e2e7,slideworks_bcg,BCG - The Innovation Bottom Line: How Sustainability is Paying Off (2013),BCG,https://www.slideshare.net/TheBostonConsultingGroup/the-innovation-bottom-line-presentation,,,dead_link,http_404
0ff1161eb5c17552,slideworks_bcg,BCG - Shareholder value creation in a hesitant economy (2013),BCG,https://www.scribd.com/document/318271100/BCG-CFA-Perth-Presentation,,,unresolved,no_public_document_link_within_three_hops
8ab7d5b3c6c7efc0,slideworks_bcg,BCG - Best Countries to Live in: Findings from BCG's 2013 global consumer sentiment survey (US-focused results) (2013),BCG,https://www.scribd.com/document/177143530/Best-Country-Analysis-US-Overview,,,unresolved,no_public_document_link_within_three_hops
8d2d95bb87e384f7,slideworks_bcg,Download the presentation here.,,https://static2.snowfire.io/accounts/14796/files/219.pdf?t=o4z026,,,robots_disallowed,robots_disallowed
642560e9a207a4e8,slideworks_bain,Bain - Business Cost Optimization at Con Edison (2019),Bain,https://documents.dps.ny.gov/public/Common/ViewDoc.aspx?DocRefId=%7B28377242-96DA-4009-A14C-4CEE4F0D89BE%7D,,,robots_disallowed,robots_disallowed
63243fa8202179ba,slideworks_bain,Bain - Syracuse University Diagnostic report (2014),Bain,https://news.syr.edu/wp-content/uploads/2017/04/Innovation-and-Opportunities-Assessment-Report-April-2014.pdf,https://news.syr.edu/wp-content/uploads/2017/04/Innovation-and-Opportunities-Assessment-Report-April-2014.pdf,dl_82416a0d09db1731,duplicate,SHA-256 identical to canonical file
4d6f64ebae8b6982,slideworks_bain,"Bain - Achieving Operational Excellence at University of California, Berkeley; Final Diagnostic Report – Complete Version (2010)",Bain,https://www.slideshare.net/slideshow/bain-achieving-operational-excellence-at-university-of-california-berkeley-pdf/284245382,,,unresolved,no_public_document_link_within_three_hops
fc3215e2b757bfa4,slideworks_bain,"Bain - Achieving Operational Excellence at University of California, Berkeley; Interim Report (2010)",Bain,https://www.slideserve.com/bela/achieving-operational-excellence-at-university-of-california-berkeley-interim-report,,,unresolved,no_public_document_link_within_three_hops
cc15f1e47bf1511e,slideworks_bain,Bain - University of North Carolina at Chapel Hill - Cost Diagnostic: Final Report (2009),Bain,https://bot.unc.edu/wp-content/uploads/sites/160/archives/PP%20709%20Bain%20Report.pdf,https://bot.unc.edu/wp-content/uploads/sites/160/archives/PP%20709%20Bain%20Report.pdf,dl_aba4cf3f091a5b7d,downloaded,
275c3eea3661ea61,slideworks_bain,Bain - Wright Airways: Briefing pack (likely 2008),Bain,https://www.scribd.com/document/370740962/Bain-Interactive-Interview-Briefing-Pack,,,unresolved,no_public_document_link_within_three_hops
ed5f1c4f58b85c49,slideworks_bain,Bain - School Start-up Plan: Overview and Instructions (Unknown),Bain,https://www.slideserve.com/latifah-pugh/school-start-up-plan,,,unresolved,no_public_document_link_within_three_hops
2308768779df1adb,slideworks_bain,Bain - India Private Equity Report 2024 (2024),Bain,https://www.scribd.com/document/733921388/bain-report-india-private-equity-report-2024,,,unresolved,no_public_document_link_within_three_hops
ea72a4aa21da1716,slideworks_bain,Bain - 2023 Global Private Equity Report (2023),Bain,https://www.bain.com/globalassets/about/2023-global-pe-report---roadshow-deck.pdf,https://www.bain.com/globalassets/about/2023-global-pe-report---roadshow-deck.pdf,dl_987da9a10c05c794,duplicate,SHA-256 identical to canonical file
28d30ddc2fd2184a,slideworks_bain,Bain - Introduction to Bain & Company / Report on resilience (2021),Bain,https://amcham.dk/wp-content/uploads/2021/04/20200412-Resilience-AmCham-presentation-vSHARED.pdf,https://amcham.dk/wp-content/uploads/2021/04/20200412-Resilience-AmCham-presentation-vSHARED.pdf,dl_38d7388149171a6f,duplicate,SHA-256 identical to canonical file
38b1955a4c2528c4,slideworks_bain,Bain - The future of supply chain in a post-COVID world (2021),Bain,https://www.slideshare.net/NationalRetailFederation/the-360-supply-chain-bain-company-examines-changes-needed-to-make-supply-chains-the-new-customer-value-proposition,,,unresolved,no_public_document_link_within_three_hops
3fee6e5b69423c6e,slideworks_bain,"Bain - Luxury and Coronavirus: Figures, Trends and CEO Agenda (2020)",Bain,https://www.alexanderjarvis.com/bain-luxury-and-coronavirus-figures-trends-and-ceo-agenda/,,,unresolved,no_public_document_link_within_three_hops
1c7d5fad37fdbc66,slideworks_bain,Bain - Covid-19: Chile's Consumer Pulse Update (2020),Bain,https://www.slideshare.net/BainCompanyBrasil/chiles-consumer-pulse-update-august-2020-238118860,,,unresolved,no_public_document_link_within_three_hops
145cee5fab57fe74,slideworks_bain,Bain - Covid-19: Argentina's Consumer Pulse Update (2020),Bain,https://www.slideshare.net/BainCompanyBrasil/argentinas-consumer-pulse-update-august-2020-238118847,,,unresolved,no_public_document_link_within_three_hops
0830a74d8e5d3f3f,slideworks_bain,Bain - Covid-19: Columbia's Consumer Pulse Update (2020),Bain,https://www.slideshare.net/BainCompanyBrasil/colombias-consumer-pulse-update-august-2020,,,unresolved,no_public_document_link_within_three_hops
c198db6255aa2649,slideworks_bain,Bain - Covid-19 Retail Webinar: Scenarios and Implications for Brazil (2020),Bain,https://www.slideshare.net/BainCompanyBrasil/covid-19-retail-webinar-scenarios-and-implications-for-brazil,,,unresolved,no_public_document_link_within_three_hops
c53576c382f5eb5c,slideworks_bain,Bain - COVID-19 Fact base and potential implications for Brazil (2020),Bain,https://www.slideshare.net/BainCompanyBrasil/covid19-fact-base-and-potential-implications-for-brazil-completo,,,unresolved,no_public_document_link_within_three_hops
ce35746b0c26f2e6,slideworks_bain,Bain - How to Accelerate Digital Solutions to Win in the New Normal (2020),Bain,https://www.slideshare.net/BainCompanyBrasil/how-to-accelerate-digital-solutions,,,unresolved,no_public_document_link_within_three_hops
7b486c9ed0cdd47b,slideworks_bain,Bain - Procurement through COVID-19 (2020),Bain,https://www.slideshare.net/BainCompanyBrasil/bainwebinar-procurement-best-practices-through-covid19,,,unresolved,no_public_document_link_within_three_hops
28911928b3fc9cd8,slideworks_bain,Bain - COVID-19 - Commercial Aviation: outlook and scenarios (2020),Bain,https://www.slideshare.net/BainCompanyBrasil/covid-19-commercial-aviation-outlook-and-scenarios,,,unresolved,no_public_document_link_within_three_hops
03967e773a26be70,slideworks_bain,Bain - Covid-19: Brazil's Consumer Pulse Update (2020),Bain,https://www.slideshare.net/BainCompanyBrasil/brazils-consumer-pulse-update,,,unresolved,no_public_document_link_within_three_hops
07347bec9e205318,slideworks_bain,Bain - Covid-19: A Multimillion Results Journey through Operations Efficiency (2020),Bain,https://www.slideshare.net/BainCompanyBrasil/bainwebinar-next-generation-industrial-performance-post-covid19,,,unresolved,no_public_document_link_within_three_hops
b93d33980c7486b9,slideworks_bain,Bain - The Future of Luxury: A Look Into Tomorrow to Understand Today (2018),Bain,https://www.alexanderjarvis.com/bain-the-future-of-luxury-a-look-into-tomorrow-to-understand-today/,,,unresolved,no_public_document_link_within_three_hops
7ddf6881042d20ae,slideworks_bain,Bain - Fast Forward Your Route To Consumers (2017),Bain,https://altagamma.it/media/source/Altagamma-Elle%20Decor%20-%20Fast%20Forward%20your%20route%20to%20consumer_VPRESENTED.pdf,https://altagamma.it/media/source/Altagamma-Elle%20Decor%20-%20Fast%20Forward%20your%20route%20to%20consumer_VPRESENTED.pdf,dl_f55ea8eb836f020b,downloaded,
93a21acca41a1aac,slideworks_bain,Bain - Employee Inspiration: How to Create Energy That Drives Better Customer Outcomes (2016),Bain,https://www.slideshare.net/Qualtrics/employee-inspiration-how-to-create-engergy-that-drives-better-customer-outcomes,,,unresolved,no_public_document_link_within_three_hops
6a1bcc6a774d193c,slideworks_bain,Bain - Altagamma 2014 Worldwide Markets Monitor (luxury) (2014),Bain,https://www.alexanderjarvis.com/bain-luxury-report-worldwide-markets-monitor-for-fondazione-altagamma/,,,unresolved,no_public_document_link_within_three_hops
60cd1e1e0ebaf249,slideworks_bain,Bain - 2011 China Luxury Market Study (2011),Bain,https://media.bain.com/Images/2011%20Bain%20China%20Luxury%20Market%20Study.pdf,https://media.bain.com/Images/2011%20Bain%20China%20Luxury%20Market%20Study.pdf,dl_f78f96cada67629b,duplicate,SHA-256 identical to canonical file
d366acab9cdf952a,slideworks_bain,Bain - Covid-19: Situation Report and Action Agenda (2020),Bain,https://www.slideshare.net/AnneLEHMAN6/bain-covid-19-situation-report-action-agenda,,,unresolved,no_public_document_link_within_three_hops
5fe1ee36860696c1,slideworks_bain,Bain - Engaging your organization to deliver results (2019),Bain,https://chicago.iabc.com/wp-content/uploads/2019/10/Bain-Presentation-Deck.pdf,https://chicago.iabc.com/wp-content/uploads/2019/10/Bain-Presentation-Deck.pdf,dl_1b05bc5053002b43,duplicate,SHA-256 identical to canonical file
b1783f7472851a13,slideworks_bain,Bain - Employee Inspiration: How to Create Energy That Drives Better Customer Outcomes (2016),Bain,https://www.slideshare.net/slideshow/employee-inspiration-how-to-create-engergy-that-drives-better-customer-outcomes/69993342,,,unresolved,no_public_document_link_within_three_hops
1e67c6d49a788926,slideworks_bain,Bain - Thoughts on Consulting (2015),Bain,https://www.scribd.com/document/421263261/Bains-On-Consulting,,,unresolved,no_public_document_link_within_three_hops
e94f4ce066bcd9c7,slideworks_bain,Bain - 'Crack the Case' - Bain & Co. Apprenticeship (2011),Bain,https://www.scribd.com/presentation/83541453/Bain-Crack-the-Case-Curriculum,,,unresolved,no_public_document_link_within_three_hops
4d4bafc4bdcffce3,slideworks_bain,Bain - Introducing Bain and the way we work: Presentation to FCEE-UCP (2007),Bain,https://studylib.net/doc/8386282/introducing-bain-and-the-way-we-work,,,access_restricted,http_403
2bd55250402e230b,slideworks_bain,Bain - Mock Case Interview Guide (2007),Bain,https://www.scribd.com/presentation/428226840/Bain-Mock-Case-Interview,,,unresolved,no_public_document_link_within_three_hops
b575aa40642a1fa7,slideworks_bain,Bain - Additional Case Interview Practice (2006),Bain,https://www.scribd.com/presentation/686348993/Bain-Consulting-Practice,,,unresolved,no_public_document_link_within_three_hops
883b0eac23470ec4,slideworks_bain,Bain - Bain-Chicago Practice Casebook Consultant / Summer Associate (2004),Bain,https://www.scribd.com/document/114775922/Bain-Chicago-Practice-Casebook,,,unresolved,no_public_document_link_within_three_hops
dc7bf57d2dab7eb3,slideworks_bain,Bain - Pursuing a 5 Star Employee Experience (date unknown),Bain,https://www.slideshare.net/Glassdoor/bain-co-gdroadshow-presentation,,,unresolved,no_public_document_link_within_three_hops
556edb13348b3aea,slideworks_bain,Bain - Stress Management at Bain (date unknown),Bain,https://slideplayer.com/slide/8291490/,,,robots_disallowed,robots_disallowed
9c52b24bd882fd07,slideworks_bain,Bain - Introduction to Bain (date unknown),Bain,https://d2aod8qfhzlk6j.cloudfront.net/SITOIS/Presentazione_Bain_512434bd24.pdf,,,robots_disallowed,robots_disallowed
b02ea85485b71018,slideworks_bain,"Bain - Bain & Company: How to Assess Disruption in Due Diligence, sources of disruption (date unknown)",Bain,https://www.slideshare.net/slideshow/inquiries-in-commercial-due-diligence/231038006,,,unresolved,no_public_document_link_within_three_hops
dbda40fa7cb2aae4,slideworks_bain,"Bain - Bain & Company: How to Assess Disruption in Due Diligence, tipping points (date unknown)",Bain,https://www.slideshare.net/slideshow/tipping-point-analysis-in-commercial-due-diligence/231038153,,,unresolved,no_public_document_link_within_three_hops
1fc33076bd64c725,slideworks_bain,Bain - Case Interview Workshop (date unknown),Bain,https://www.scribd.com/document/445182713/Bain-Casebook-Consulting-Case-Interview-Book%E8%B4%9D%E6%81%A9%E5%92%A8%E8%AF%A2%E6%A1%88%E4%BE%8B%E9%9D%A2%E8%AF%95,,,unresolved,no_public_document_link_within_three_hops
51a59301a26ef7da,slideworks_bain,Bain - Vending Machine case study (date unknown),Bain,https://www.scribd.com/presentation/476424598/Bain-Case-Vending-Machine,,,unresolved,no_public_document_link_within_three_hops
ecc3a68c27241abb,slideworks_bain,Bain - Hospital Co Case Interview (date unknown),Bain,https://www.scribd.com/document/755251064/Bain-Case-Chain-HospitalCo-pdf,,,unresolved,no_public_document_link_within_three_hops
38e44fb2a8760f33,slideworks_bain,Bain - Electronics Co Case Interview (date unknown),Bain,https://www.scribd.com/document/454862465/Bain-Case-Electronics-Co-Case-Interview-pdf,,,unresolved,no_public_document_link_within_three_hops
0ccaa67fecac4927,slideworks_bain,Bain - CraftsCo Case interview (date unknown),Bain,https://www.scribd.com/document/755251061/Bain-Case-CraftsCo-ppt,,,unresolved,no_public_document_link_within_three_hops
f824c11a451a3ad4,slideworks_bain,Bain - Retail Co Case Interview (date unknown),Bain,https://www.scribd.com/presentation/476424596/Bain-Case-Retail-Co,,,unresolved,no_public_document_link_within_three_hops
58648a7926b3d6c4,slideworks_bain,Bain - Business Case 02 (date unknown),Bain,https://www.scribd.com/document/413546970/Bain-and-Company-Example-scenario,,,unresolved,no_public_document_link_within_three_hops
e2f87903b1a97c8a,slideworks_bain,Bain - Case Interview overview (date unknown),Bain,https://www.scribd.com/document/622424045/BAIN-Case-Interview-Prep,,,unresolved,no_public_document_link_within_three_hops
d2a92821c4be3b15,slideworks_bain,Bain - Robert’s secular PEG Bible (date unknown),Bain,https://www.scribd.com/presentation/421506961/170912-PEG-Bible-sanitized-version-v2-pptx,,,unresolved,no_public_document_link_within_three_hops
293c80ac99bd32de,slideworks_bain,Bain - e-Conomy SEA 2021 - Roaring 20s: The SEA Digital Decade (2021),Bain,https://www.slideshare.net/MarketingTrips/economy-sea-2021-k-nguyn-s-ca-ng-nam,,,unresolved,no_public_document_link_within_three_hops
215c90ddaf906dc8,slideworks_bain,Bain - e-Conomy SEA 2020 - At full velocity: Resilient and racing ahead (2020),Bain,https://www.slideshare.net/noumfone/economy-sea-2020,,,unresolved,no_public_document_link_within_three_hops
810c26dabc0d0349,slideworks_bain,Bain - e-Conomy SEA 2019 - Swipe up and to the right: Southeast Asia's $100 billion Internet economy (2019),Bain,https://www.slideshare.net/AImanS1/economy-sea-2019-by-google,,,unresolved,no_public_document_link_within_three_hops
fb66313598fdad21,slideworks_bain,Bain - Beauty@Digital - A study by Bain & Google (2016),Bain,https://www.slideshare.net/abhinavr7/beautydigital-a-study-by-bain-google,,,unresolved,no_public_document_link_within_three_hops
ec9d9099cfde9033,ampler_bain,"Achieving Operational Excellence at University of California, Berkeley; Final Diagnostic Report – Complete Version (2010)",EY,http://oe.berkeley.edu/sites/default/files/diagnostic%20report%20bain%20uc%20berkeley.pdf,,,dead_link,http_404
7fd4f55ae7b1463b,ampler_bain,Introduction to Bain & Company / Report on resilience (2021),Bain,https://amcham.dk/wp-content/uploads/2021/04/20200412-Resilience-AmCham-presentation-vSHARED.pdf,https://amcham.dk/wp-content/uploads/2021/04/20200412-Resilience-AmCham-presentation-vSHARED.pdf,dl_38d7388149171a6f,downloaded,
9de2c21891d3e8c0,ampler_bain,2011 China Luxury Market Study (2011),,https://media.bain.com/Images/2011%20Bain%20China%20Luxury%20Market%20Study.pdf,https://media.bain.com/Images/2011%20Bain%20China%20Luxury%20Market%20Study.pdf,dl_f78f96cada67629b,downloaded,
6ab0e46f6bbe8836,ampler_bain,Engaging your organization to deliver results (2019),,https://chicago.iabc.com/wp-content/uploads/2019/10/Bain-Presentation-Deck.pdf,https://chicago.iabc.com/wp-content/uploads/2019/10/Bain-Presentation-Deck.pdf,dl_1b05bc5053002b43,downloaded,
83294c20eb881229,ampler_bain,Academic program,,https://my.ampler.io/alumni/academic-program,,,robots_disallowed,robots_disallowed
8ada3f105768d567,ampler_mckinsey,Helping Global Health Partnerships to increase their impact: Stop TB Partnership (2009),,https://stoptb.org/assets/documents/about/cb/meetings/17/2.09-03%20Strengthening%20Performance%20Management%20in%20the%20Partnership/2.09-03.1%20Helping%20Global%20Health%20Partnerships%20to%20Increase%20their%20Impact.pdf,,,robots_disallowed,robots_disallowed
8da219cea6ff96c3,ampler_mckinsey,USPS Future Business Model (2010),,https://about.usps.com/future-postal-service/mckinsey-usps-future-bus-model2.pdf,https://about.usps.com/future-postal-service/mckinsey-usps-future-bus-model2.pdf,dl_a3329096a2480b27,duplicate,SHA-256 identical to canonical file
a066fd1e536d4f7c,ampler_mckinsey,Capturing the full electricity efficiency potential of the U.K. (2012),,https://assets.publishing.service.gov.uk/government/uploads/system/uploads/attachment_data/file/65626/7035-capturing-full-elec-eff-potential-edr.pdf,,,robots_disallowed,robots_disallowed
7ccadee8ca066bb4,ampler_mckinsey,Digitally-Enabled Processes in the NHS (2014),,https://www.digitalhealth.net/includes/images/news0254/PDF/overview-evidence-review-of-data-and-information.pdf,,,robots_disallowed,robots_disallowed
85eaedeb77545afe,ampler_mckinsey,Refuelling the innovation engine in vaccines (2016),,https://www.hhs.gov/sites/default/files/Azimi_McKinsey_Vaccine_Innovation_Findings-remediated.pdf,https://www.hhs.gov/sites/default/files/Azimi_McKinsey_Vaccine_Innovation_Findings-remediated.pdf,dl_9f83e2208d79a6c4,duplicate,SHA-256 identical to canonical file
5cd0dce087e9be8f,ampler_mckinsey,The changed agenda in the global sourcing industry: perspectives and developments (2009),,https://web-archive.oecd.org/2012-06-14/112202-44083521.pdf,https://web-archive.oecd.org/2012-06-14/112202-44083521.pdf,,validation_failed,signature_mismatch
2615ee69b1c7a857,ampler_mckinsey,Laying the foundations for a financially sound steel industry (2013),,https://web-archive.oecd.org/2013-12-16/260684-Laying%20the%20foundations%20for%20a%20financially%20sound%20industry%20-%20OECD.pdf,https://web-archive.oecd.org/2013-12-16/260684-Laying%20the%20foundations%20for%20a%20financially%20sound%20industry%20-%20OECD.pdf,,validation_failed,signature_mismatch
cd1c2d0a1a4e0882,ampler_mckinsey,Insurance trends and growth opportunities for Poland (2015),,https://piu.org.pl/public/upload/ibrowser/III%20Kongres%20prezentacje/2014.05.04%20Polish%20Insurance%20Association%20-%20final.pdf,https://piu.org.pl/public/upload/ibrowser/III%20Kongres%20prezentacje/2014.05.04%20Polish%20Insurance%20Association%20-%20final.pdf,dl_df3744c7748e5c92,duplicate,SHA-256 identical to canonical file
26cf11513fab44ab,ampler_mckinsey,Challenges in Mining: Scarcity or Opportunity? (2015),,https://worldmaterialsforum.com/files/downloads/5-Rare_20Raw_20Material_20Issues.pdf,https://worldmaterialsforum.com/files/downloads/5-Rare_20Raw_20Material_20Issues.pdf,dl_a63294fe2fb6bc8e,duplicate,SHA-256 identical to canonical file
1bab1bc849ecbcbc,ampler_mckinsey,Technology’s role in mineral criticality (2017),,https://worldmaterialsforum.com/files/Presentations2017/PlenarySession1/WMF2017-McKinsey-Franck-Bekeart.pdf,https://worldmaterialsforum.com/files/Presentations2017/PlenarySession1/WMF2017-McKinsey-Franck-Bekeart.pdf,dl_00071f1c024d002a,duplicate,SHA-256 identical to canonical file
84ad384b54cad246,ampler_mckinsey,The future energy landscape: Global trends and a closer look at the Netherlands (2017),,https://www.alexanderjarvis.com/wp-content/uploads/2021/12/McKinsey-The-future-energy-landscape-Global-trends-and-a-closer-look-at-the-Netherlands-.pdf,,,unresolved,no_public_document_link_within_three_hops
3ca327e196f1ab2b,ampler_mckinsey,Using Artificial Intelligence to prevent healthcare errors from occurring (2017),,https://www.bundesgesundheitsministerium.de/fileadmin/Dateien/3_Downloads/P/Patientensicherheit/WS3-2017/01_WS3_Henke_20170328_Using_AI_to_prevent_healthcare_errors_from_occuring.pdf,https://www.bundesgesundheitsministerium.de/fileadmin/Dateien/3_Downloads/P/Patientensicherheit/WS3-2017/01_WS3_Henke_20170328_Using_AI_to_prevent_healthcare_errors_from_occuring.pdf,dl_a153804684314f79,duplicate,SHA-256 identical to canonical file
eabb7111454147f1,ampler_mckinsey,Current perspectives on Medical Affairs in Japan (2018),,https://static1.squarespace.com/static/5966db90f9a61efb4cd0dc89/t/5a9750338165f5deb7607a69/1519865953798/Minyoung+Kim.pdf,,,robots_disallowed,robots_disallowed
22db563b4bb68b41,ampler_mckinsey,European Banking Summit 2018 (2018),,https://www.ebf.eu/wp-content/uploads/2018/10/European-Banking-Summit-2018-Max-Floetotto.pdf,,,robots_disallowed,robots_disallowed
0dc6ee3a3d886ffb,ampler_mckinsey,Global Hydrogen Flows: Hydrogen trade as a key enabler for efficient decarbonization (2022),EY,https://hydrogencouncil.com/wp-content/uploads/2022/10/Global-Hydrogen-Flows.pdf,,,robots_disallowed,robots_disallowed
aae661d97dda2247,ampler_mckinsey,What Makes Private Sector Partnership Works: some learnings from the field (2011),,https://www.mcgill.ca/globalfoodsecurity/files/globalfoodsecurity/kathrynyoung.pdf,https://www.mcgill.ca/globalfoodsecurity/files/globalfoodsecurity/kathrynyoung.pdf,,validation_failed,encrypted
8c149c32e57db7e9,ampler_mckinsey,The Internet of Things and Big Data: Opportunities for Value Creation (2013),,https://www.cisco.com/assets/sol/dc/iot_and_big_data.pdf,https://www.cisco.com/assets/sol/dc/iot_and_big_data.pdf,dl_ec2b099a3840f9df,duplicate,SHA-256 identical to canonical file
660d9ace3b219728,ampler_mckinsey,"How will Internet of Things, mobile internet, data analytics and cloud transform public services by 2030? (2015)",,https://www.alexanderjarvis.com/wp-content/uploads/2021/12/McKinsey-How-will-Internet-of-Things-mobile-internet-data-analytics-and-cloud-transform-public-services-by-2030.pdf,,,unresolved,no_public_document_link_within_three_hops
af795dc082d85da0,ampler_mckinsey,Digital Luxury Experience (2017),,https://altagamma.it/media/source/20170525_DLE%202017_Shareablepres_1.pdf,https://altagamma.it/media/source/20170525_DLE%202017_Shareablepres_1.pdf,,validation_failed,encrypted
a0be699d50ae4633,ampler_mckinsey,Moving Laggards to Early Adopters (Maybe even innovators) (2018),,https://polytechnic.purdue.edu/sites/default/files/files/Krish%20-%20Moving%20Laggards%20to%20Early%20Adopters%2C%20NcKinsey%20%26%20Co.pdf,,,dead_link,http_404
56e4201b7bd7b9e0,ampler_mckinsey,Investment and Industrial Policy: A Perspective on the Future (2018),,https://unctad.org/system/files/non-official-document/tdb65pt2_item5_presentation_LKrstic_en.pdf,,,robots_disallowed,robots_disallowed
a416c4a87acdfda4,ampler_mckinsey,McKinsey Technology Trends Outlook 2022 (2022),McKinsey,https://www.mckinsey.com/~/media/mckinsey/business%20functions/mckinsey%20digital/our%20insights/the%20top%20trends%20in%20tech%202022/mckinsey-tech-trends-outlook-2022-full-report.pdf,https://www.mckinsey.com/~/media/mckinsey/business%20functions/mckinsey%20digital/our%20insights/the%20top%20trends%20in%20tech%202022/mckinsey-tech-trends-outlook-2022-full-report.pdf,dl_a0076e637f3f5d70,duplicate,SHA-256 identical to canonical file
52c4fe7554056550,ampler_mckinsey,Global Economics Intelligence; Global Summary Report (2023),,https://www.mckinsey.com/~/media/mckinsey/business%20functions/strategy%20and%20corporate%20finance/our%20insights/global%20economics%20intelligence%20executive%20summary%20april%202023/gei-global-summary-april-2023.pdf,https://www.mckinsey.com/~/media/mckinsey/business%20functions/strategy%20and%20corporate%20finance/our%20insights/global%20economics%20intelligence%20executive%20summary%20april%202023/gei-global-summary-april-2023.pdf,dl_c6f334d4c34ba964,duplicate,SHA-256 identical to canonical file
05171beed6ad2fbb,ampler_mckinsey,Fab automation – Artificial Intelligence (date unknown),,https://www.alexanderjarvis.com/wp-content/uploads/2021/12/McKinsey-Fab-Automation-Artificial-Intelligence-.pdf,,,unresolved,no_public_document_link_within_three_hops
8d02804227d1edb2,ampler_mckinsey,Attracting Responsible Mining Investment in Fragile and Conflict Affected Settings (2014),,https://www.worldbank.org/content/dam/Worldbank/document/Extractives/Mining%20Indaba%202014/Reversing%20the%20Curse%20McKinsey%20presentation%20(Conflict%20and%20fragile%20states).pdf,https://www.worldbank.org/content/dam/Worldbank/document/Extractives/Mining%20Indaba%202014/Reversing%20the%20Curse%20McKinsey%20presentation%20(Conflict%20and%20fragile%20states).pdf,dl_df4a9e04f0e5f6e0,duplicate,SHA-256 identical to canonical file
2476ddc60aff8ccf,ampler_mckinsey,"From poverty to empowerment: India’s imperative for jobs, growth and effective basic services (2014)",,https://icrier.org/pdf/mgi_poverty_v2.pdf,https://icrier.org/pdf/mgi_poverty_v2.pdf,dl_37932959fdf7e03a,duplicate,SHA-256 identical to canonical file
c056b77cb35b5306,ampler_mckinsey,Context for Global Growth and Development (2014),,https://www.un.org/esa/ffd/wp-content/uploads/2014/11/gc-Presentation_Manyika_10Nov14.pdf,https://www.un.org/esa/ffd/wp-content/uploads/2014/11/gc-Presentation_Manyika_10Nov14.pdf,dl_11bb688d833fb2f6,duplicate,SHA-256 identical to canonical file
4bcb1a2829a526cf,ampler_mckinsey,A blueprint for addressing the global affordable housing challenge (2015),,https://www.fiic.la/Documentos/Congreso%20CAMACOL%202015/MGI%20AH%20Camacol_Jan%20Mischke.pdf,,,robots_disallowed,robots_disallowed
19e3ca410b730802,ampler_mckinsey,Outperformers: High-growth emerging economies and the companies that propel them (2018),,https://www.piie.com/sites/default/files/documents/madgavkar20181017ppt.pdf,,,robots_disallowed,robots_disallowed
6d9e00374e0dc71d,ampler_mckinsey,How companies can capture the veteran opportunity (2012),,https://toolkit.vets.syr.edu/wp-content/uploads/2012/11/Presentation-1-20120911-Veteran-opportunity.pdf,,,robots_disallowed,robots_disallowed
460eb1f57a4c965a,ampler_mckinsey,Academic program,,https://my.ampler.io/alumni/academic-program,,,robots_disallowed,robots_disallowed
b1465631881f807a,slideworks_mckinsey,SCR (situation-complication-resolution) framework,,https://slideworks.io/resources/how-to-use-McKinseys-scr-framework-with-examples,https://about.usps.com/future-postal-service/mckinsey-usps-future-bus-model2.pdf,dl_a3329096a2480b27,downloaded,
f7152a1031f4677b,ampler_bcg,Value guided healthcare as a platform for industrial development – feasibility study: Final Documentation (2009),,https://www.alexanderjarvis.com/bcg-value-guided-healthcare-as-a-platform-for-industrial-development-in-sweden/,http://www.forskasverige.se/wp-content/uploads/Value-Based-Health-Care.pdf,dl_14a02c7150ab2533,downloaded,
